id,category,cats,n_parcels,lat,lon,units,address,on_arterial,d_commercial,corridor_200,corridor_300,corridor_400
0,apartment,apartment,1,41.90881133,-87.78066365,,6149 NORTH AVE,1,103.1,1,1,1
1,apartment,apartment,1,41.90888218,-87.77842089,,6101 NORTH AVE,1,113.2,1,1,1
2,apartment,apartment,1,41.9088874,-87.77803968,,6051 NORTH AVE,1,88.2,1,1,1
3,apartment,apartment,1,41.90900467,-87.77744398,,6033 NORTH AVE,1,35.8,1,1,1
4,apartment,apartment,1,41.90900587,-87.77709798,,6033 NORTH AVE,1,129.3,1,1,1
5,apartment,apartment,1,41.90902531,-87.77763022,,6043 NORTH AVE,1,15.3,1,1,1
6,apartment,apartment,1,41.90894743,-87.77795803,,6049 W NORTH AVE,1,57.7,1,1,1
7,apartment,apartment,1,41.90863444,-87.77593126,,1530 N AUSTIN BLVD,1,166.5,1,1,1
8,apartment,apartment,1,41.90830533,-87.7759391,,1522 N AUSTIN BLVD 2,1,268.7,1,1,1
9,apartment,apartment,1,41.90821436,-87.77593108,,1520 N AUSTIN BLVD,1,300.2,1,1,1
10,apartment,apartment,1,41.9080313,-87.77592207,,1514 N AUSTIN BLVD 1,1,364.0,1,1,1
11,apartment,apartment,1,41.90642168,-87.77713227,,1113 N HUMPHREY AVE,0,952.2,0,0,0
12,apartment,apartment,1,41.90692502,-87.77587994,,1428 N AUSTIN BLVD,1,759.5,1,1,1
13,apartment,apartment,1,41.90682113,-87.77588085,,1426 N AUSTIN BLVD,1,796.8,1,1,1
14,apartment,apartment,1,41.90671076,-87.77588181,,1424 N AUSTIN BLVD,1,836.5,1,1,1
15,apartment,apartment,1,41.90661335,-87.77588266,,1420 N AUSTIN BLVD 1,1,871.6,1,1,1
16,apartment,apartment,1,41.90652234,-87.77586641,,1416 N AUSTIN BLVD,1,905.0,1,1,1
17,apartment,apartment,1,41.90634872,-87.77583938,,1414 N AUSTIN BLVD,1,968.6,1,1,1
18,apartment,apartment,1,41.90625609,-87.77583349,,1410 N AUSTIN BLVD,1,1002.2,1,1,1
19,apartment,apartment,1,41.9061782,-87.77585179,,1406 N AUSTIN BLVD 1,1,1029.7,1,1,1
20,apartment,apartment,1,41.90609395,-87.77584371,,1404 N AUSTIN BLVD 1,1,1060.4,1,1,1
21,apartment,apartment,1,41.90569794,-87.77569771,,1350 N AUSTIN BLVD,1,1208.5,1,1,1
22,apartment,apartment,1,41.90538056,-87.77581083,,1340 N AUSTIN BLVD,1,1319.4,1,1,1
23,apartment,apartment,1,41.90515698,-87.77579314,,1336 N AUSTIN BLVD,1,1400.8,1,1,1
24,apartment,apartment,1,41.90503971,-87.77578925,,1332 N AUSTIN BLVD 2,1,1443.4,1,1,1
25,apartment,apartment,1,41.90492612,-87.77578534,,1328 N AUSTIN BLVD 2,1,1484.6,1,1,1
26,apartment,apartment,1,41.9048089,-87.77579126,,1324 N AUSTIN BLVD,1,1526.9,1,1,1
27,apartment,apartment,1,41.90467684,-87.77575868,,1322 N AUSTIN BLVD,1,1575.6,1,1,1
28,apartment,apartment,1,41.90459976,-87.77572991,,1320 N AUSTIN BLVD,1,1604.3,1,1,1
29,apartment,apartment,1,41.90450814,-87.7757258,,1316 N AUSTIN BLVD 2,1,1637.6,1,1,1
30,apartment,apartment,1,41.90331252,-87.77572599,,1238 N AUSTIN BLVD,1,2071.1,1,1,1
31,apartment,apartment,1,41.90314245,-87.77570919,,1232 N AUSTIN BLVD,1,2133.2,1,1,1
32,apartment,apartment,1,41.90302652,-87.7758679,,1228 N AUSTIN BLVD,1,2172.4,1,1,1
33,apartment,apartment,1,41.90105269,-87.78048688,,829 N LOMBARD AVE,0,2244.0,0,0,0
34,apartment,apartment,1,41.90112117,-87.77929925,,827 HAYES AVE,0,2226.5,0,0,0
35,apartment,apartment,1,41.9017316,-87.77558677,,1144 N AUSTIN BLVD,1,2476.2,1,1,1
36,apartment,apartment,1,41.9008573,-87.7755425,,1118 N AUSTIN BLVD,1,2159.2,1,1,1
37,apartment,apartment,1,41.90034949,-87.77550105,,1100 N AUSTIN BLVD,1,1975.6,1,1,1
38,apartment,apartment,1,41.89859199,-87.78470146,,706 N RIDGELAND AVE,1,1315.2,1,1,1
39,apartment,apartment,1,41.89842061,-87.78145516,,700 N HARVEY AVE,0,1267.6,0,0,0
40,apartment,apartment,1,41.89890806,-87.77799334,,715 N TAYLOR AVE,0,1419.7,0,0,0
41,apartment,apartment,1,41.8984655,-87.77798451,,701 N TAYLOR AVE 1N,0,1258.6,0,0,0
42,apartment,apartment,1,41.89845868,-87.77678659,,701 N HUMPHREY AVE,0,1264.7,0,0,0
43,apartment,apartment,1,41.89934586,-87.77558453,,1028 N AUSTIN BLVD,1,1609.6,1,1,1
44,apartment,apartment,1,41.89919937,-87.77552769,,1022 N AUSTIN BLVD,1,1557.8,1,1,1
45,apartment,apartment,1,41.89902338,-87.77553085,,1018 N AUSTIN BLVD,1,1493.9,1,1,1
46,apartment,apartment,1,41.89866997,-87.77554275,,1004 N AUSTIN BLVD 1,1,1365.6,1,1,1
47,apartment,apartment,1,41.89858184,-87.77553478,,1002 N AUSTIN BLVD 1,1,1333.9,1,1,1
48,apartment,apartment,1,41.89848524,-87.77545567,,1000 N AUSTIN BLVD,1,1301.4,1,1,1
49,apartment,apartment,1,41.89677799,-87.7836041,,607 N CUYLER AVE,0,711.3,0,0,0
50,apartment,apartment,1,41.89654677,-87.78360608,,601 N CUYLER AVE,0,634.4,0,0,0
51,apartment,apartment,1,41.89664219,-87.78421035,,316 IOWA ST,1,615.9,1,1,1
52,apartment,apartment,1,41.89746914,-87.78203697,,627 N HARVEY AVE,0,914.8,0,0,0
53,apartment,apartment,1,41.89814186,-87.78043277,,645 N LOMBARD AVE,0,1219.9,0,0,0
54,apartment,apartment,1,41.89765186,-87.78046585,,633 N LOMBARD AVE,0,1057.6,0,0,0
55,apartment,apartment,1,41.89751182,-87.77877292,,627 N TAYLOR AVE,0,908.8,0,0,0
56,apartment,apartment,1,41.89727687,-87.77876184,,621 N TAYLOR AVE,0,823.4,0,0,0
57,apartment,apartment,1,41.89714998,-87.77815559,,616 N TAYLOR AVE,0,781.1,0,0,0
58,apartment,apartment,1,41.89704235,-87.77816089,,614 N TAYLOR AVE,0,742.1,0,0,0
59,apartment,apartment,1,41.89789889,-87.77718783,,639 N HUMPHREY AVE,0,1058.0,0,0,0
60,apartment,apartment,1,41.89776844,-87.7771977,,633 N HUMPHREY AVE 1 2,0,1010.6,0,0,0
61,apartment,apartment,1,41.89750082,-87.77717381,,627 N HUMPHREY AVE,0,913.1,0,0,0
62,apartment,apartment,1,41.89720061,-87.77715893,,619 N HUMPHREY AVE,0,803.8,0,0,0
63,apartment,apartment,1,41.89695254,-87.7771305,,611 N HUMPHREY AVE 1,0,713.4,0,0,0
64,apartment,apartment,1,41.89670607,-87.77755435,,50 IOWA ST,0,629.3,0,0,0
65,apartment,apartment,1,41.89683205,-87.77714352,,607 N HUMPHREY AVE,0,669.6,0,0,0
66,apartment,apartment,1,41.89673594,-87.77713006,,605 N HUMPHREY AVE,0,634.5,0,0,0
67,apartment,apartment,1,41.89663992,-87.77713566,,601 N HUMPHREY AVE,0,599.6,0,0,0
68,apartment,apartment,1,41.89822316,-87.77659077,,646 N HUMPHREY AVE,0,1184.3,0,0,0
69,apartment,apartment,1,41.89767467,-87.77650378,,630 N HUMPHREY AVE,0,990.0,0,0,0
70,apartment,apartment,1,41.89758324,-87.77648709,,628 N HUMPHREY AVE,0,958.0,0,0,0
71,apartment,apartment,1,41.89747902,-87.77652296,,626 N HUMPHREY AVE,0,919.0,0,0,0
72,apartment,apartment,1,41.89739421,-87.77652369,,624 N HUMPHREY AVE,0,888.5,0,0,0
73,apartment,apartment,1,41.89672021,-87.77608722,,16 IOWA ST,0,648.9,0,0,0
74,apartment,apartment,1,41.89821909,-87.77567689,,948 N AUSTIN BLVD,1,1198.8,1,1,1
75,apartment,apartment,1,41.89768412,-87.77557047,,930 N AUSTIN BLVD,1,1008.3,1,1,1
76,apartment,apartment,1,41.89752868,-87.77551922,,928 N AUSTIN BLVD,1,954.2,1,1,1
77,apartment,apartment,1,41.89738199,-87.77554234,,924 N AUSTIN BLVD,1,900.5,1,1,1
78,apartment,apartment,1,41.89665946,-87.77592297,,900 N AUSTIN BLVD,1,627.7,1,1,1
79,apartment,apartment,1,41.89531266,-87.78366442,,519 N CUYLER AVE,0,278.4,0,1,1
80,apartment,apartment,1,41.89475503,-87.78383904,,310 CHICAGO AVE,1,222.5,1,1,1
81,apartment,apartment,1,41.89483522,-87.78407044,,318 CHICAGO AVE,1,160.3,1,1,1
82,apartment,apartment,1,41.89524845,-87.78293177,,516 N CUYLER AVE 2,0,183.4,1,1,1
83,apartment,apartment,1,41.89553231,-87.78203835,,525 N HARVEY AVE 2,0,211.5,0,1,1
84,apartment,apartment,1,41.89538628,-87.78200148,,521 N HARVEY AVE,0,158.4,1,1,1
85,apartment,apartment,1,41.8950646,-87.78308006,,508 N CUYLER AVE,1,119.6,1,1,1
86,apartment,apartment,1,41.89608401,-87.7813618,,540 N HARVEY AVE,0,437.7,0,0,0
87,apartment,apartment,1,41.89585948,-87.78038182,,531 N LOMBARD AVE,0,524.7,0,0,0
88,apartment,apartment+townhome,2,41.89529365,-87.7803729,1,515 N LOMBARD AVE,0,434.8,0,0,0
89,apartment,apartment,1,41.89487238,-87.78092426,,216 CHICAGO AVE,1,271.4,1,1,1
90,apartment,apartment,1,41.89480064,-87.78080101,,214 CHICAGO AVE,1,308.3,1,1,1
91,apartment,apartment,1,41.89480496,-87.78025636,,202 CHICAGO AVE,1,398.7,1,1,1
92,apartment,apartment,1,41.89580206,-87.77969191,,532 N LOMBARD AVE,0,372.6,0,0,1
93,apartment,apartment,1,41.89563131,-87.77969338,,526 N LOMBARD AVE,0,327.5,0,0,1
94,apartment,apartment,1,41.89552815,-87.77969427,,524 N LOMBARD AVE,0,303.2,0,0,1
95,apartment,apartment,1,41.89482884,-87.77926677,,116 CHICAGO AVE,1,140.5,1,1,1
96,apartment,apartment,1,41.89482838,-87.77917148,,114 CHICAGO AVE,1,118.7,1,1,1
97,apartment,apartment,1,41.89482794,-87.77908096,,112 CHICAGO AVE,1,99.7,1,1,1
98,apartment,apartment,1,41.89482744,-87.77897615,,110 CHICAGO AVE,1,81.5,1,1,1
99,apartment,apartment,1,41.89484573,-87.77981927,,130 CHICAGO AVE,1,279.7,1,1,1
100,apartment,apartment,1,41.89483469,-87.77974314,,128 CHICAGO AVE,1,260.6,1,1,1
101,apartment,apartment,1,41.89513545,-87.77867335,,511 N TAYLOR AVE,1,57.8,1,1,1
102,apartment,apartment,1,41.89615005,-87.77809284,,538 N TAYLOR AVE,0,416.8,0,0,0
103,apartment,apartment,1,41.89602209,-87.77810824,,536 N TAYLOR AVE,0,370.7,0,0,1
104,apartment,apartment,1,41.8958726,-87.77809047,,530 N TAYLOR AVE,0,316.0,0,0,1
105,apartment,apartment,1,41.89574107,-87.77811067,,528 N TAYLOR AVE,0,269.0,0,1,1
106,apartment,apartment,1,41.89533541,-87.77808559,,516 N TAYLOR AVE,1,122.2,1,1,1
107,apartment,apartment,1,41.89634258,-87.77740013,,545 N HUMPHREY AVE,0,497.5,0,0,0
108,apartment,apartment,1,41.8960244,-87.7771172,,537 N HUMPHREY AVE,0,375.5,0,0,1
109,apartment,apartment,1,41.89561169,-87.77710648,,525 N HUMPHREY AVE,0,225.3,0,1,1
110,apartment,apartment,1,41.89541939,-87.77706527,,519 N HUMPHREY AVE,0,155.8,1,1,1
111,apartment,apartment,1,41.89534825,-87.77706589,,517 N HUMPHREY AVE,1,130.0,1,1,1
112,apartment,apartment,1,41.89528438,-87.7770998,,515 N HUMPHREY AVE,1,106.2,1,1,1
113,apartment,apartment,1,41.89492809,-87.7776824,,56 CHICAGO AVE,1,87.8,1,1,1
114,apartment,apartment,1,41.89491327,-87.77758899,,50 CHICAGO AVE,1,113.5,1,1,1
115,apartment,apartment,1,41.89491251,-87.77743177,,48 CHICAGO AVE,1,91.5,1,1,1
116,apartment,apartment,1,41.89566546,-87.77646804,,526 N HUMPHREY AVE,0,287.5,0,1,1
117,apartment,apartment,1,41.89556233,-87.7764737,,522 N HUMPHREY AVE,0,253.8,0,1,1
118,apartment,apartment,1,41.89639004,-87.77549929,,848 N AUSTIN BLVD,1,549.7,1,1,1
119,apartment,apartment,1,41.89615884,-87.77550607,,840 N AUSTIN BLVD,1,468.7,1,1,1
120,apartment,apartment,1,41.89605902,-87.775464,,836 N AUSTIN BLVD,1,438.1,1,1,1
121,apartment,apartment,1,41.89515664,-87.77644375,,510 N HUMPHREY AVE,1,115.6,1,1,1
122,apartment,apartment,1,41.89487381,-87.77564572,,2 CHICAGO AVE,1,24.2,1,1,1
123,apartment,apartment,1,41.9087152,-87.80207313,,7017 NORTH AVE,1,18.6,1,1,1
124,apartment,apartment,1,41.90870576,-87.80145934,,7003 NORTH AVE,1,102.5,1,1,1
125,apartment,apartment,1,41.90870746,-87.80136935,,7001 NORTH AVE,1,113.5,1,1,1
126,apartment,apartment,1,41.90876982,-87.79996534,,6935 NORTH AVE,1,53.4,1,1,1
127,apartment,apartment,1,41.9085166,-87.79990685,,6933 NORTH AVE,1,113.5,1,1,1
128,apartment,apartment,1,41.908614,-87.79978097,,6931 NORTH AVE,1,116.8,1,1,1
129,apartment,apartment,1,41.90875851,-87.80073315,,6951 NORTH AVE,1,42.2,1,1,1
130,apartment,apartment,1,41.90873644,-87.79852167,,6905 NORTH AVE,1,140.0,1,1,1
131,apartment,apartment,1,41.90868091,-87.79840097,,6901 NORTH AVE,1,167.9,1,1,1
132,apartment,apartment,1,41.90872166,-87.79753695,,6851 NORTH AVE,1,53.0,1,1,1
133,apartment,apartment,1,41.90642221,-87.80526414,,1431 N HARLEM AVE,1,464.2,1,1,1
134,apartment,apartment,1,41.90423159,-87.80517715,,1321 N HARLEM AVE,1,882.7,1,1,1
135,apartment,apartment,1,41.90440563,-87.80514994,,1327 N HARLEM AVE 1,1,945.4,1,1,1
136,apartment,apartment,1,41.90380997,-87.80516214,,1307 N HARLEM AVE,1,729.4,1,1,1
137,apartment,apartment,1,41.90367574,-87.80509162,,1305 N HARLEM AVE,1,679.2,1,1,1
138,apartment,apartment,1,41.90507564,-87.80518827,,1345 N HARLEM AVE,1,954.6,1,1,1
139,apartment,apartment,1,41.90878487,-87.79460476,,6739 NORTH AVE,1,15.6,1,1,1
140,apartment,apartment,1,41.90879284,-87.79347732,,6717 NORTH AVE,1,29.0,1,1,1
141,apartment,apartment,1,41.90881124,-87.79122245,,6619 NORTH AVE,1,49.7,1,1,1
142,apartment,apartment,1,41.90881722,-87.79111786,,6617 NORTH AVE,1,21.3,1,1,1
143,apartment,apartment,1,41.90891244,-87.7907512,,6609 NORTH AVE,1,53.1,1,1,1
144,apartment,apartment,1,41.90891074,-87.79072195,,6607 NORTH AVE,1,59.7,1,1,1
145,apartment,apartment,1,41.90879769,-87.79058498,,6605 NORTH AVE,1,91.3,1,1,1
146,apartment,apartment,1,41.90892589,-87.79046059,,6603 NORTH AVE,1,128.2,1,1,1
147,apartment,apartment,1,41.90872905,-87.79036671,,6601 NORTH AVE,1,154.4,1,1,1
148,apartment,apartment,1,41.90888217,-87.79004477,,6557 NORTH AVE,1,81.5,1,1,1
149,apartment,apartment,1,41.90889387,-87.78994109,,6555 NORTH AVE,1,55.4,1,1,1
150,apartment,apartment,1,41.9088037,-87.78988862,,6553 NORTH AVE,1,40.3,1,1,1
151,apartment,apartment,1,41.9088717,-87.78920086,,6539 NORTH AVE,1,55.9,1,1,1
152,apartment,apartment,1,41.90885181,-87.78910529,,6537 NORTH AVE,1,34.9,1,1,1
153,apartment,apartment,1,41.90873188,-87.78890795,,6533 NORTH AVE,1,68.6,1,1,1
154,apartment,apartment,1,41.900367,-87.80508689,,1117 N HARLEM AVE,1,249.6,1,1,1
155,apartment,apartment,1,41.9000111,-87.80357791,,804 N MARION ST,0,535.5,0,0,0
156,apartment,apartment,1,41.90090021,-87.80277807,,831 BELLEFORTE AVE 2,0,599.0,0,0,0
157,apartment,apartment,1,41.90030643,-87.80284517,,813 BELLEFORTE AVE,0,638.3,0,0,0
158,apartment,apartment,1,41.90017252,-87.80282238,,811 BELLEFORTE AVE,0,665.8,0,0,0
159,apartment,apartment,1,41.89992614,-87.80326331,,1050 THOMAS ST,0,618.9,0,0,0
160,apartment,apartment,1,41.90052441,-87.80214556,,820 BELLEFORTE AVE 2,0,791.3,0,0,0
161,apartment,apartment,1,41.90043075,-87.80214633,,818 BELLEFORTE AVE,0,800.0,0,0,0
162,apartment,apartment,1,41.90031832,-87.8021377,,812 BELLEFORTE AVE,0,814.7,0,0,0
163,apartment,apartment,1,41.90033073,-87.80121199,,813 FOREST AVE,0,1053.9,0,0,0
164,apartment,apartment,1,41.90034462,-87.80063708,,814 FOREST AVE,0,1204.3,0,0,0
165,apartment,apartment,1,41.89905647,-87.80505105,,1029 N HARLEM AVE,1,725.2,1,1,1
166,apartment,apartment,1,41.8989583,-87.80503992,,1027 N HARLEM AVE,1,760.8,1,1,1
167,apartment,apartment,1,41.89876211,-87.80505348,,1021 N HARLEM AVE,1,832.3,1,1,1
168,apartment,apartment,1,41.89867283,-87.80503629,,1017 N HARLEM AVE,1,864.7,1,1,1
169,apartment,apartment,1,41.89857028,-87.80504311,,1015 N HARLEM AVE,1,902.1,1,1,1
170,apartment,apartment,1,41.89932235,-87.80417918,,739 N MARION ST,0,664.5,0,0,0
171,apartment,apartment,1,41.89915019,-87.80506223,,1031 N HARLEM AVE,1,691.2,1,1,1
172,apartment,apartment,1,41.89917994,-87.80356986,,734 N MARION ST,0,780.0,0,0,0
173,apartment,apartment,1,41.89897396,-87.80357157,,728 N MARION ST,0,845.9,0,0,0
174,apartment,apartment,1,41.89886251,-87.80355012,,724 N MARION ST,0,884.8,0,0,0
175,apartment,apartment,1,41.89874169,-87.80363815,,720 N MARION ST,0,914.8,0,0,0
176,apartment,apartment,1,41.89811629,-87.80316642,,1050 AUGUSTA ST 1,0,1174.8,0,0,0
177,apartment,apartment,1,41.89889385,-87.80208786,,724 BELLEFORTE AVE,0,1108.6,0,0,0
178,apartment,apartment,1,41.89948693,-87.80213264,,740 BELLEFORTE AVE,0,958.2,0,0,0
179,apartment,apartment,1,41.89926619,-87.79819882,,733 N KENILWORTH AVE,0,1948.6,0,0,0
180,apartment,apartment,1,41.89864598,-87.79814426,,715 N KENILWORTH AVE,0,1966.4,0,0,0
181,apartment,apartment,1,41.8996227,-87.79663309,,741 N GROVE AVE,0,2320.6,0,0,0
182,apartment,apartment,1,41.89943468,-87.79599662,,738 N GROVE AVE,0,2504.1,0,0,0
183,apartment,apartment,1,41.89853762,-87.79597956,,712 N GROVE AVE 1,0,2355.0,0,0,0
184,apartment,apartment,1,41.89764113,-87.80481808,,1129 AUGUSTA ST,0,1166.2,0,0,0
185,apartment,apartment,1,41.89726561,-87.80361056,,627 N MARION ST,0,1025.6,0,0,0
186,apartment,apartment,1,41.89762716,-87.80514249,,1137 AUGUSTA ST,0,1167.0,0,0,0
187,apartment,apartment,1,41.89763108,-87.80496949,,1135 AUGUSTA ST,0,1164.4,0,0,0
188,apartment,apartment,1,41.89691809,-87.8046031,,1127 MILLER AVE,0,902.9,0,0,0
189,apartment,apartment,1,41.89649048,-87.80439063,,1122 SCHNEIDER AVE,0,743.4,0,0,0
190,apartment,apartment,1,41.89558228,-87.80382889,,1112 PAULINA ST,0,410.8,0,0,0
191,apartment,apartment,1,41.89610947,-87.80472032,,1129 SCHNEIDER AVE 1,0,608.2,0,0,0
192,apartment,apartment,1,41.89512734,-87.80343474,,527 N MARION ST,0,257.2,0,1,1
193,apartment,apartment,1,41.89455982,-87.80428749,,1122 CHICAGO AVE,1,75.4,1,1,1
194,apartment,apartment,1,41.89446821,-87.80417388,,1120 CHICAGO AVE,1,36.2,1,1,1
195,apartment,apartment,1,41.89463254,-87.80350411,,509 N MARION ST,1,88.5,1,1,1
196,apartment,apartment,1,41.89440812,-87.80351716,,1104 CHICAGO AVE,1,47.0,1,1,1
197,apartment,apartment,1,41.89513058,-87.80418901,,1119 PAULINA ST,0,245.7,0,1,1
198,apartment,apartment,1,41.89537344,-87.80302441,,528 N MARION ST,0,326.1,0,0,1
199,apartment,apartment,1,41.89498925,-87.802956,,516 N MARION ST,0,188.3,1,1,1
200,apartment,apartment,1,41.89448205,-87.80290733,,1046 CHICAGO AVE,1,41.6,1,1,1
201,apartment,apartment,1,41.89570544,-87.8023003,,539 BELLEFORTE AVE 1,0,470.0,0,0,0
202,apartment,apartment,1,41.89543574,-87.80229559,,531 BELLEFORTE AVE,0,375.8,0,0,1
203,apartment,apartment,1,41.89462599,-87.80247432,,1040 CHICAGO AVE,1,91.5,1,1,1
204,apartment,apartment,1,41.89461338,-87.80221138,,1030 CHICAGO AVE,1,149.4,1,1,1
205,apartment,apartment,1,41.89503783,-87.80232396,,519 BELLEFORTE AVE,0,238.4,0,1,1
206,apartment,apartment,1,41.89502066,-87.80162475,,518 BELLEFORTE AVE,0,361.4,0,0,1
207,apartment,apartment,1,41.89511604,-87.8010217,,521 FOREST AVE,0,519.4,0,0,0
208,apartment,apartment,1,41.89769629,-87.80097039,,645 FOREST AVE,0,1272.3,0,0,0
209,apartment,apartment,1,41.89459833,-87.8015378,,1018 CHICAGO AVE,1,299.3,1,1,1
210,apartment,apartment,1,41.89460411,-87.8013861,,1016 CHICAGO AVE,1,328.1,1,1,1
211,apartment,apartment,1,41.89484591,-87.80091235,,515 FOREST AVE 1,1,481.6,1,1,1
212,apartment,apartment,1,41.89471214,-87.80091346,,511 FOREST AVE,1,450.0,1,1,1
213,apartment,apartment,1,41.89455275,-87.80091479,,505 FOREST AVE,1,416.7,1,1,1
214,apartment,apartment,1,41.89504077,-87.79948849,,519 WOODBINE AVE,1,840.6,1,1,1
215,apartment,apartment,1,41.89463319,-87.79985217,,948 CHICAGO AVE,1,689.1,1,1,1
216,apartment,apartment,1,41.89492939,-87.79940936,,515 WOODBINE AVE,1,841.8,1,1,1
217,apartment,apartment,1,41.89463416,-87.80006183,,950 CHICAGO AVE,1,636.5,1,1,1
218,apartment,apartment,1,41.89486058,-87.80039743,,510 FOREST AVE,1,595.2,1,1,1
219,apartment,apartment,1,41.89471238,-87.80035672,,506 FOREST AVE,1,576.8,1,1,1
220,apartment,apartment,1,41.89455872,-87.80036563,,500 FOREST AVE,1,550.1,1,1,1
221,apartment,apartment,1,41.89778038,-87.79871923,,919 AUGUSTA ST,0,1625.4,0,0,0
222,apartment,apartment,1,41.89777974,-87.7985826,,915 AUGUSTA ST,0,1650.1,0,0,0
223,apartment,apartment,1,41.89632092,-87.79884478,,604 WOODBINE AVE,0,1250.8,0,0,0
224,apartment,apartment,1,41.89639443,-87.79812649,,605 N KENILWORTH AVE,0,1422.2,0,0,0
225,apartment,apartment,1,41.8958939,-87.79812327,,541 N KENILWORTH AVE,0,1316.9,0,0,0
226,apartment,apartment,1,41.89578277,-87.79809751,,539 N KENILWORTH AVE,0,1301.7,0,0,0
227,apartment,apartment,1,41.89534436,-87.79808211,,523 N KENILWORTH AVE,0,1231.7,0,0,0
228,apartment,apartment,1,41.89602207,-87.79814126,,545 N KENILWORTH AVE,0,1338.5,0,0,0
229,apartment,apartment,1,41.89631758,-87.79742552,,600 N KENILWORTH AVE,0,1559.5,0,0,0
230,apartment,apartment,1,41.89720951,-87.79514834,,625 N OAK PARK AVE,1,2254.4,1,1,1
231,apartment,apartment,1,41.89585024,-87.7974036,,540 N KENILWORTH AVE,0,1477.8,0,0,0
232,apartment,apartment,1,41.89566518,-87.79589545,,534 N GROVE AVE,0,1807.9,0,0,0
233,apartment,apartment,1,41.89535018,-87.79586576,,524 N GROVE AVE,1,1693.1,1,1,1
234,apartment,apartment,1,41.9013794,-87.78957889,,842 N EAST AVE,0,2669.4,0,0,0
235,apartment,apartment,1,41.8997055,-87.78623285,,744 N ELMWOOD AVE,0,1774.4,0,0,0
236,apartment,apartment,1,41.8971694,-87.7894164,,622 N EAST AVE,0,1433.5,0,0,0
237,apartment,apartment,1,41.89582856,-87.79430739,,536 N OAK PARK AVE,1,1865.4,1,1,1
238,apartment,apartment,1,41.89592589,-87.78693213,,541 N ELMWOOD AVE,0,624.3,0,0,0
239,apartment,apartment,1,41.89540585,-87.7853073,,525 N RIDGELAND AVE,1,215.8,1,1,1
240,apartment,apartment,1,41.89380552,-87.80419113,,425 N MAPLE AVE,1,100.3,1,1,1
241,apartment,apartment,1,41.89413725,-87.80326315,,1101 CHICAGO AVE,1,93.3,1,1,1
242,apartment,apartment,1,41.89388204,-87.8030182,,421 N MARION ST,1,126.7,1,1,1
243,apartment,apartment,1,41.89366581,-87.80303905,,415 N MARION ST,0,169.0,1,1,1
244,apartment,apartment,1,41.89359748,-87.80303581,,413 N MARION ST,0,185.5,1,1,1
245,apartment,apartment,1,41.89339457,-87.80302896,,407 N MARION ST,0,243.5,0,1,1
246,apartment,apartment,1,41.8940737,-87.80068478,,429 FOREST AVE,1,420.1,1,1,1
247,apartment,apartment,1,41.89330611,-87.80065238,,401 FOREST AVE,0,487.7,0,0,0
248,apartment,apartment,1,41.89402635,-87.80239685,,1041 CHICAGO AVE,1,50.4,1,1,1
249,apartment,apartment,1,41.89379511,-87.80254068,,420 N MARION ST,1,63.0,1,1,1
250,apartment,apartment,1,41.89335513,-87.80253839,,404 N MARION ST,0,223.0,0,1,1
251,apartment,apartment,1,41.89321867,-87.80257383,,400 N MARION ST,0,272.5,0,1,1
252,apartment,apartment,1,41.89205405,-87.79858102,,7 ELIZABETH CT,0,1064.0,0,0,0
253,apartment,apartment,1,41.89418492,-87.79653609,,435 N GROVE AVE,1,1316.2,1,1,1
254,apartment,apartment,1,41.89385275,-87.79656025,,427 N GROVE AVE,1,1203.6,1,1,1
255,apartment,apartment,1,41.89308099,-87.79651821,,403 N GROVE AVE 1,0,938.7,0,0,0
256,apartment,apartment,1,41.89354922,-87.79581507,,416 N GROVE AVE,0,1043.4,0,0,0
257,apartment,apartment,1,41.89323455,-87.79583263,,408 N GROVE AVE,0,932.2,0,0,0
258,apartment,apartment,1,41.89292256,-87.79582779,,344 N GROVE AVE,0,821.5,0,0,0
259,apartment,apartment,1,41.8917288,-87.79575886,,310 N GROVE AVE,1,405.9,1,1,1
260,apartment,apartment,1,41.89374052,-87.79502959,,421 N OAK PARK AVE,1,1093.7,1,1,1
261,apartment,apartment,1,41.89351884,-87.79499578,,415 N OAK PARK AVE,1,1013.2,1,1,1
262,apartment,apartment,1,41.8933821,-87.79505393,,411 N OAK PARK AVE,1,963.2,1,1,1
263,apartment,apartment,1,41.89325125,-87.79506622,,407 N OAK PARK AVE,1,915.5,1,1,1
264,apartment,apartment,1,41.89294185,-87.79502032,,341 N OAK PARK AVE,1,803.1,1,1,1
265,apartment,apartment,1,41.891608,-87.79541159,,301 N OAK PARK AVE,1,330.1,1,1,1
266,apartment,apartment,1,41.89418269,-87.79533613,,811 CHICAGO AVE,1,1256.6,1,1,1
267,apartment,apartment,1,41.89419545,-87.79502157,,435 N OAK PARK AVE,1,1259.3,1,1,1
268,apartment,apartment,1,41.89283114,-87.80412567,,325 N MAPLE AVE,0,191.2,1,1,1
269,apartment,apartment,1,41.89269735,-87.80412296,,323 N MAPLE AVE,0,189.6,1,1,1
270,apartment,apartment,1,41.89233494,-87.80410716,,315 N MAPLE AVE,0,200.6,0,1,1
271,apartment,apartment,1,41.89194408,-87.80456154,,1140 ERIE ST,1,81.1,1,1,1
272,apartment,apartment,1,41.89254747,-87.8036842,,314 N MAPLE AVE,0,315.8,0,0,1
273,apartment,apartment,1,41.89287629,-87.80327999,,1111 SUPERIOR ST,0,410.4,0,0,0
274,apartment,apartment,1,41.89256446,-87.80308268,,317 N MARION ST,0,475.2,0,0,0
275,apartment,apartment,1,41.89248188,-87.80307574,,315 N MARION ST,0,481.2,0,0,0
276,apartment,apartment,1,41.89216301,-87.80305931,,305 N MARION ST,0,486.5,0,0,0
277,apartment,apartment,1,41.89267958,-87.80254703,,320 N MARION ST,0,468.8,0,0,0
278,apartment,apartment,1,41.89293813,-87.80212899,,1035 SUPERIOR ST 10,0,371.3,0,0,1
279,apartment,apartment,1,41.8925833,-87.80254606,,316 N MARION ST,0,503.8,0,0,0
280,apartment,apartment,1,41.89076817,-87.80468508,,1142 ONTARIO ST,0,304.7,0,0,1
281,apartment,apartment,1,41.8916168,-87.80360176,,1117 ERIE ST,0,306.0,0,0,1
282,apartment,apartment,1,41.89163868,-87.80336243,,1111 ERIE ST,0,371.0,0,0,1
283,apartment,apartment,1,41.89176238,-87.80322576,,1109 ERIE ST,0,411.9,0,0,0
284,apartment,apartment,1,41.89172518,-87.80297851,,229 N MARION ST,0,476.9,0,0,0
285,apartment,apartment,1,41.89164074,-87.80298949,,227 N MARION ST,0,472.0,0,0,0
286,apartment,apartment,1,41.89078584,-87.80376038,,1122 ONTARIO ST,0,397.4,0,0,1
287,apartment,apartment,1,41.89079324,-87.8036237,,1120 ONTARIO ST,0,421.0,0,0,0
288,apartment,apartment,1,41.89116115,-87.80248087,,212 N MARION ST,0,630.7,0,0,0
289,apartment,apartment,1,41.89107706,-87.8024675,,210 N MARION ST,0,642.7,0,0,0
290,apartment,apartment,1,41.89098783,-87.80247878,,208 N MARION ST,0,650.2,0,0,0
291,apartment,apartment,1,41.89089588,-87.802469,,206 N MARION ST,0,665.0,0,0,0
292,apartment,apartment,1,41.89080391,-87.80245569,,202 N MARION ST,0,664.1,0,0,0
293,apartment,apartment,1,41.89071989,-87.8024599,,200 N MARION ST,0,634.0,0,0,0
294,apartment,apartment,1,41.89088124,-87.80162778,,1028 ONTARIO ST 1,0,667.8,0,0,0
295,apartment,apartment,1,41.89033518,-87.79964344,,942 ONTARIO ST,0,529.9,0,0,0
296,apartment,apartment,1,41.89051277,-87.79885513,,922 ONTARIO,0,623.2,0,0,0
297,apartment,apartment,1,41.89089511,-87.79721314,,220 N KENILWORTH AVE,0,581.9,0,0,0
298,apartment,apartment,1,41.89061704,-87.79719304,,210 N KENILWORTH AVE,0,575.2,0,0,0
299,apartment,apartment,1,41.89029016,-87.79630926,,201 N GROVE AVE,0,371.4,0,0,1
300,apartment,apartment,1,41.89119255,-87.79576669,,226 N GROVE AVE,0,250.2,0,1,1
301,apartment,apartment,1,41.89046658,-87.80288439,,195 N MARION ST,0,528.2,0,0,0
302,apartment,apartment,1,41.89025391,-87.80288966,,189 N MARION ST,0,450.8,0,0,0
303,apartment,apartment,1,41.89018302,-87.80289377,,187 N MARION ST,0,424.9,0,0,0
304,apartment,apartment,1,41.89011213,-87.80289435,,185 N MARION ST,0,399.1,0,0,1
305,apartment,apartment,1,41.89038868,-87.80405218,,1129 W ONTARIO ST,0,320.6,0,0,1
306,apartment,apartment,1,41.89038137,-87.80436755,,1135 W ONTARIO ST,0,263.0,0,1,1
307,apartment,apartment,1,41.88994015,-87.80491574,,479 N HARLEM AVE,1,57.4,1,1,1
308,apartment,apartment,1,41.88886806,-87.80196406,,1034 LAKE ST,1,32.6,1,1,1
309,apartment,apartment,1,41.88993629,-87.79946645,,937 ONTARIO ST,0,384.8,0,0,1
310,apartment,apartment,1,41.88995577,-87.79934475,,935 ONTARIO ST,0,395.2,0,0,1
311,apartment,apartment,1,41.88995504,-87.79924536,,933 ONTARIO ST,0,399.6,0,0,1
312,apartment,apartment,1,41.88994876,-87.79912424,,931 ONTARIO ST,0,405.5,0,0,0
313,apartment,apartment,1,41.88995778,-87.79882844,,925 ONTARIO ST,0,438.1,0,0,0
314,apartment,apartment,1,41.8900379,-87.79856651,,917 ONTARIO ST,0,498.5,0,0,0
315,apartment,apartment,1,41.89003914,-87.79833321,,913 ONTARIO ST,0,535.4,0,0,0
316,apartment,apartment,1,41.89000812,-87.79796226,,901 ONTARIO ST,0,594.7,0,0,0
317,apartment,apartment,1,41.88976783,-87.79797105,,175 N KENILWORTH AVE,0,536.2,0,0,0
318,apartment,apartment,1,41.89000906,-87.79653593,,181 N GROVE AVE,0,475.8,0,0,0
319,apartment,apartment,1,41.88989129,-87.79656322,,171 N GROVE AVE,0,506.8,0,0,0
320,apartment,apartment,1,41.88851969,-87.80305525,,1111 LAKE ST,1,33.5,1,1,1
321,apartment,apartment,1,41.88845953,-87.8028335,,1107 LAKE ST,1,33.0,1,1,1
322,apartment,apartment,1,41.88819626,-87.80264966,,127 N MARION ST,1,55.2,1,1,1
323,apartment,apartment,1,41.88778532,-87.80324727,,1125 WESTGATE ST,0,50.0,1,1,1
324,apartment,apartment,1,41.88785293,-87.80285584,,119 N MARION ST,0,41.9,1,1,1
325,apartment,apartment,1,41.88759404,-87.80253598,,111 N MARION ST,0,25.3,1,1,1
326,apartment,apartment,1,41.88723822,-87.80255631,,101 N MARION ST,0,61.3,1,1,1
327,apartment,apartment,1,41.88843885,-87.80229948,,138 N MARION ST,1,83.5,1,1,1
328,apartment,apartment,1,41.88853922,-87.80160517,,1023 LAKE ST,1,37.5,1,1,1
329,apartment,apartment,1,41.88751759,-87.80224321,,110 N MARION ST,0,89.6,1,1,1
330,apartment,apartment,1,41.88764367,-87.8017009,,1018 NORTH BLVD,0,57.8,1,1,1
331,apartment,apartment,1,41.88758191,-87.80090865,,1006 NORTH BLVD,0,256.8,0,1,1
332,apartment,apartment,1,41.88799124,-87.80217172,,120 N MARION ST,0,23.4,1,1,1
333,apartment,apartment,1,41.88836654,-87.79825836,,921 LAKE ST,1,397.3,1,1,1
334,apartment,apartment,1,41.88754845,-87.79876786,,930 NORTH BLVD,0,529.5,0,0,0
335,apartment,apartment,1,41.88761277,-87.79764184,,914 NORTH BLVD,0,421.8,0,0,0
336,apartment,apartment,1,41.88762823,-87.79738236,,109 N KENILWORTH AVE,0,351.4,0,0,1
337,apartment,apartment,1,41.88811748,-87.8001326,,100 FOREST AVE,0,272.4,0,1,1
338,apartment,apartment,1,41.88735389,-87.79738465,,101 N KENILWORTH AVE,0,315.8,0,0,1
339,apartment,apartment,1,41.88755175,-87.79813737,,922 NORTH BLVD,0,517.3,0,0,0
340,apartment,apartment,1,41.88745299,-87.79688738,,104 N KENILWORTH AVE,0,228.8,0,1,1
341,apartment,apartment,1,41.88734933,-87.79684478,,102 N KENILWORTH AVE 1,0,233.0,0,1,1
342,apartment,apartment,1,41.88834915,-87.79636251,,855 LAKE ST,1,265.1,1,1,1
343,apartment,apartment,1,41.88850197,-87.79599172,,835 LAKE ST,1,311.0,1,1,1
344,apartment,apartment,1,41.88850044,-87.79578585,,833 LAKE ST,1,319.9,1,1,1
345,apartment,apartment,1,41.88786276,-87.7947512,,115 N OAK PARK AVE,1,58.6,1,1,1
346,apartment,apartment,1,41.88779625,-87.79474675,,113 N OAK PARK AVE,1,81.7,1,1,1
347,apartment,apartment,1,41.88768825,-87.79474876,,109 N OAK PARK AVE,1,110.8,1,1,1
348,apartment,apartment,1,41.88745882,-87.79528643,,814 NORTH BLVD,0,34.0,1,1,1
349,apartment,apartment,1,41.88769416,-87.7969134,,110 N KENILWORTH AVE,0,224.8,0,1,1
350,apartment,apartment,1,41.89424912,-87.79433032,,434 N OAK PARK AVE,1,1294.7,1,1,1
351,apartment,apartment,1,41.89396103,-87.79434227,,428 N OAK PARK AVE,1,1190.6,1,1,1
352,apartment,apartment,1,41.89350066,-87.79430331,,414 N OAK PARK AVE,1,1027.9,1,1,1
353,apartment,apartment,1,41.8933809,-87.79430805,,410 N OAK PARK AVE,1,985.0,1,1,1
354,apartment,apartment,1,41.89319812,-87.7943001,,402 N OAK PARK AVE,1,920.6,1,1,1
355,apartment,apartment,1,41.89410624,-87.7852274,,427 N RIDGELAND AVE,1,89.2,1,1,1
356,apartment,apartment,1,41.89340127,-87.78514954,,405 N RIDGELAND AVE,1,346.1,1,1,1
357,apartment,apartment,1,41.89221802,-87.79420516,,316 N OAK PARK AVE 1,1,588.9,1,1,1
358,apartment,apartment,1,41.89209174,-87.79420336,,312 N OAK PARK AVE 2,1,547.3,1,1,1
359,apartment,apartment,1,41.89235199,-87.7924565,,320 N EUCLID AVE,0,922.0,0,0,0
360,apartment,apartment,1,41.89205337,-87.78927313,,308 N EAST AVE,0,1362.8,0,0,0
361,apartment,apartment,1,41.89206692,-87.78758136,,308 N SCOVILLE AVE,0,1035.0,0,0,0
362,apartment,apartment,1,41.89250204,-87.78683841,,321 N ELMWOOD AVE,0,790.5,0,0,0
363,apartment,apartment,1,41.89211745,-87.78522973,,309 N RIDGELAND AVE,1,811.3,1,1,1
364,apartment,apartment,1,41.8905299,-87.79356067,,716 ONTARIO ST,1,417.6,1,1,1
365,apartment,apartment,1,41.89074544,-87.7916128,,211 LINDEN AVE,0,682.8,0,0,0
366,apartment,apartment,1,41.89154487,-87.78672723,,233 N ELMWOOD AVE,0,1006.1,0,0,0
367,apartment,apartment,1,41.89154005,-87.78598407,,230 N ELMWOOD AVE 1 2,0,950.6,0,0,0
368,apartment,apartment,1,41.89125793,-87.78597383,,224 N ELMWOOD AVE,0,849.1,0,0,0
369,apartment,apartment,1,41.89088243,-87.78596162,,210 N ELMWOOD AVE,1,714.5,1,1,1
370,apartment,apartment,1,41.89052055,-87.78593284,,422 ONTARIO ST,0,584.6,0,0,0
371,apartment,apartment,1,41.89115112,-87.78518896,,221 N RIDGELAND AVE,1,797.3,1,1,1
372,apartment,apartment,1,41.88926822,-87.79231872,,154 N EUCLID AVE,0,257.2,0,1,1
373,apartment,apartment,1,41.88915801,-87.79231145,,152 N EUCLID AVE,0,265.6,0,1,1
374,apartment,apartment,1,41.88905497,-87.78588032,,144 N ELMWOOD AVE 1,1,136.4,1,1,1
375,apartment,apartment,1,41.88892039,-87.78601026,,134 N ELMWOOD AVE,0,168.5,1,1,1
376,apartment,apartment,1,41.88866429,-87.78615082,,422 LAKE ST,1,233.3,1,1,1
377,apartment,apartment,1,41.88848195,-87.78493326,,400 LAKE ST,1,64.9,1,1,1
378,apartment,apartment,1,41.89020266,-87.78515902,,179 N RIDGELAND AVE,1,454.5,1,1,1
379,apartment,apartment,1,41.88799445,-87.79432997,,136 N OAK PARK AVE,1,81.3,1,1,1
380,apartment,apartment,1,41.88803089,-87.79203133,,675 LAKE ST,1,201.5,1,1,1
381,apartment,apartment,1,41.88627232,-87.80442126,,1133 SOUTH BLVD,1,278.1,1,1,1
382,apartment,apartment,1,41.886166,-87.80433521,,111 S MAPLE AVE 1,0,258.7,0,1,1
383,apartment,apartment,1,41.88574585,-87.80434433,,125 S MAPLE AVE,0,215.1,0,1,1
384,apartment,apartment,1,41.8855549,-87.8043394,,1136 PLEASANT ST,0,213.5,0,1,1
385,apartment,apartment,1,41.88612872,-87.80381255,,112 S MAPLE AVE,0,151.5,1,1,1
386,apartment,apartment,1,41.88592701,-87.80357951,,122 S MAPLE AVE,0,61.0,1,1,1
387,apartment,apartment,1,41.88635881,-87.80273579,,109 S MARION AVE,1,59.7,1,1,1
388,apartment,apartment,1,41.88656014,-87.80295287,,1107 SOUTH BLVD,1,144.0,1,1,1
389,apartment,apartment,1,41.88656675,-87.80318436,,1111 SOUTH BLVD,1,81.2,1,1,1
390,apartment,apartment,1,41.88595932,-87.80173669,,1034 PLEASANT ST,0,107.5,1,1,1
391,apartment,apartment,1,41.88595882,-87.80162907,,1032 PLEASANT ST,0,134.4,1,1,1
392,apartment,apartment,1,41.88595455,-87.80146064,,1028 PLEASANT ST,0,177.6,1,1,1
393,apartment,apartment,1,41.88592676,-87.80034502,,1000 PLEASANT ST,0,300.1,0,0,1
394,apartment,apartment,1,41.88596138,-87.80101498,,1018 PLEASANT ST,0,189.0,1,1,1
395,apartment,apartment,1,41.88657935,-87.79983838,,104 HOME AVE,1,366.9,1,1,1
396,apartment,apartment,1,41.88640021,-87.79982367,,110 HOME AVE,1,369.3,1,1,1
397,apartment,apartment,1,41.88631973,-87.79987424,,112 HOME AVE,1,358.8,1,1,1
398,apartment,apartment,1,41.88610893,-87.79965445,,118 HOME AVE 1,0,434.2,0,0,0
399,apartment,apartment,1,41.88657779,-87.79946908,,947 SOUTH BLVD,1,466.5,1,1,1
400,apartment,apartment,1,41.8865269,-87.79893482,,935 SOUTH BLVD,1,609.8,1,1,1
401,apartment,apartment,1,41.88673113,-87.7983401,,100 CLINTON AVE,1,474.3,1,1,1
402,apartment,apartment,1,41.88655047,-87.79831244,,108 CLINTON AVE,1,470.8,1,1,1
403,apartment,apartment,1,41.88644632,-87.79829062,,110 CLINTON AVE,1,471.4,1,1,1
404,apartment,apartment,1,41.88630592,-87.79828207,,112 CLINTON AVE,1,482.6,1,1,1
405,apartment,apartment,1,41.88558239,-87.79828487,,138 CLINTON AVE,0,618.2,0,0,0
406,apartment,apartment,1,41.88564508,-87.79795177,,916 PLEASANT ST,0,537.6,0,0,0
407,apartment,apartment,1,41.88632269,-87.79745773,,115 S KENILWORTH AVE,1,275.9,1,1,1
408,apartment,apartment,1,41.8858605,-87.79759861,,125 S KENILWORTH AVE,0,415.2,0,0,0
409,apartment,apartment,1,41.88618304,-87.79731304,,119 S KENILWORTH AVE,0,276.6,0,1,1
410,apartment,apartment,1,41.88606898,-87.79744786,,121 S KENILWORTH AVE,0,331.8,0,0,1
411,apartment,apartment,1,41.88600345,-87.7982846,,120 CLINTON AVE,0,528.0,0,0,0
412,apartment,apartment,1,41.88650514,-87.79681723,,106 S KENILWORTH AVE,0,99.3,1,1,1
413,apartment,apartment,1,41.88640428,-87.79680735,,110 S KENILWORTH AVE,0,128.9,1,1,1
414,apartment,apartment,1,41.88612818,-87.79678567,,118 S KENILWORTH AVE,0,221.6,0,1,1
415,apartment,apartment,1,41.88601689,-87.79678661,,122 S KENILWORTH AVE 2,0,261.2,0,1,1
416,apartment,apartment,1,41.88586105,-87.79676992,,126 S KENILWORTH AVE,0,316.2,0,0,1
417,apartment,apartment,1,41.88558954,-87.7967605,,134 S KENILWORTH AVE,0,413.8,0,0,0
418,apartment,apartment,1,41.88630746,-87.7960928,,113 S GROVE AVE 2,0,201.6,0,1,1
419,apartment,apartment,1,41.88612494,-87.79609433,,117 S GROVE AVE 2,0,254.7,0,1,1
420,apartment,apartment,1,41.88601366,-87.79609526,,121 S GROVE AVE,0,289.7,0,1,1
421,apartment,apartment,1,41.88575547,-87.79607344,,129 S GROVE AVE,0,377.7,0,0,1
422,apartment,apartment,1,41.88641803,-87.7954298,,110 S GROVE AVE 2,1,127.6,1,1,1
423,apartment,apartment,1,41.88629786,-87.79542481,,114 S GROVE AVE 1,0,168.9,1,1,1
424,apartment,apartment,1,41.88601733,-87.79540318,,120 S GROVE AVE 2,0,245.0,0,1,1
425,apartment,apartment,1,41.88575935,-87.79544731,,130 S GROVE AVE,0,316.2,0,0,1
426,apartment,apartment,1,41.88555915,-87.79545469,,134 S GROVE AVE,0,374.3,0,0,1
427,apartment,apartment,1,41.88607221,-87.79465185,,137 S OAK PARK AVE,1,119.3,1,1,1
428,apartment,apartment,1,41.88580642,-87.79462707,,171 S OAK PARK AVE,1,156.4,1,1,1
429,apartment,apartment,1,41.88548883,-87.79461351,,185 S OAK PARK AVE,1,239.7,1,1,1
430,apartment,apartment,1,41.88370821,-87.80425966,,245 S MAPLE AVE,0,708.4,0,0,0
431,apartment,apartment,1,41.88339165,-87.80423803,,201 N HARLEM AVE,1,804.5,1,1,1
432,apartment,apartment,1,41.88416639,-87.80368618,,230 S MAPLE AVE,0,485.3,0,0,0
433,apartment,apartment,1,41.88362396,-87.80369182,,250 S MAPLE AVE,0,666.0,0,0,0
434,apartment,apartment,1,41.88349966,-87.80372202,,254 S MAPLE AVE,0,711.3,0,0,0
435,apartment,apartment,1,41.8852134,-87.80264704,,1105 PLEASANT ST,0,67.0,1,1,1
436,apartment,apartment,1,41.88442689,-87.80286185,,227 S MARION ST,0,314.4,0,0,1
437,apartment,apartment,1,41.88561195,-87.80206216,,1033 PLEASANT ST,0,81.4,1,1,1
438,apartment,apartment,1,41.88510829,-87.80230383,,216 S MARION ST,0,39.5,1,1,1
439,apartment,apartment,1,41.88362022,-87.80217484,,258 S MARION ST,0,579.9,0,0,0
440,apartment,apartment,1,41.88344441,-87.80227188,,264 S MARION ST,0,642.1,0,0,0
441,apartment,apartment,1,41.88367158,-87.80119842,,1030 RANDOLPH ST,0,642.0,0,0,0
442,apartment,apartment,1,41.88349377,-87.80162817,,1034 RANDOLPH ST,0,654.7,0,0,0
443,apartment,apartment,1,41.88397157,-87.80219206,,244 S MARION ST,0,452.1,0,0,0
444,apartment,apartment,1,41.88480145,-87.79972948,,212 HOME AVE,0,722.5,0,0,0
445,apartment,apartment,1,41.88347337,-87.79973397,,252 HOME AVE,0,951.9,0,0,0
446,apartment,apartment,1,41.88464501,-87.79895478,,221 CLINTON AVE,0,896.5,0,0,0
447,apartment,apartment,1,41.88389119,-87.79895937,,241 CLINTON AVE,0,1039.5,0,0,0
448,apartment,apartment,1,41.88366744,-87.79893783,,247 CLINTON AVE,0,1084.5,0,0,0
449,apartment,apartment,1,41.88529015,-87.79834566,,202 CLINTON AVE,0,705.0,0,0,0
450,apartment,apartment,1,41.8852982,-87.79794025,,917 PLEASANT ST 2F,0,633.6,0,0,0
451,apartment,apartment,1,41.88438283,-87.79821594,,228 CLINTON AVE,0,957.8,0,0,0
452,apartment,apartment,1,41.88368476,-87.7982233,,248 CLINTON AVE,0,1189.9,0,0,0
453,apartment,apartment,1,41.88359741,-87.79822403,,250 CLINTON AVE,0,1219.6,0,0,0
454,apartment,apartment,1,41.88350304,-87.79822014,,254 CLINTON AVE,0,1251.3,0,0,0
455,apartment,apartment,1,41.88357459,-87.79789135,,916 RANDOLPH ST,0,1197.8,0,0,0
456,apartment,apartment,1,41.88533885,-87.79727475,,201 S KENILWORTH AVE,0,535.7,0,0,0
457,apartment,apartment,1,41.88502736,-87.79742658,,213 S KENILWORTH AVE,0,656.3,0,0,0
458,apartment,apartment,1,41.88477813,-87.79742867,,219 S KENILWORTH AVE,0,742.2,0,0,0
459,apartment,apartment,1,41.88441314,-87.79742003,,227 S KENILWORTH AVE,0,869.1,0,0,0
460,apartment,apartment,1,41.88369481,-87.79738406,,243 S KENILWORTH AVE,0,1121.7,0,0,0
461,apartment,apartment,1,41.88357033,-87.79740371,,247 S KENILWORTH AVE,0,1167.2,0,0,0
462,apartment,apartment,1,41.88440112,-87.79676445,,218 S KENILWORTH AVE,0,845.1,0,0,0
463,apartment,apartment,1,41.88427648,-87.7967475,,222 S KENILWORTH AVE,0,890.2,0,0,0
464,apartment,apartment,1,41.88416965,-87.79675439,,226 S KENILWORTH AVE,0,929.1,0,0,0
465,apartment,apartment,1,41.88408359,-87.79675481,,230 S KENILWORTH AVE,0,960.4,0,0,0
466,apartment,apartment,1,41.88382206,-87.79604197,,235 S GROVE AVE,0,959.3,0,0,0
467,apartment,apartment,1,41.884242,-87.79604444,,223 S GROVE AVE,0,834.5,0,0,0
468,apartment,apartment,1,41.88411962,-87.7960419,,227 S GROVE AVE,0,869.6,0,0,0
469,apartment,apartment,1,41.8840016,-87.79540248,,230 S GROVE AVE,0,819.2,0,0,0
470,apartment,apartment,1,41.88370323,-87.7953753,,238 S GROVE AVE,0,916.5,0,0,0
471,apartment,apartment,1,41.88458096,-87.79473548,,215 S OAK PARK AVE,1,557.8,1,1,1
472,apartment,apartment,1,41.88448746,-87.79473027,,217 S OAK PARK AVE 2ND,1,590.2,1,1,1
473,apartment,apartment,1,41.88439846,-87.79471903,,221 S OAK PARK AVE 2,1,620.7,1,1,1
474,apartment,apartment,1,41.88430872,-87.79471522,,223 S OAK PARK AVE,1,652.2,1,1,1
475,apartment,apartment,1,41.88422026,-87.79469684,,227 S OAK PARK AVE,1,682.4,1,1,1
476,apartment,apartment,1,41.88412238,-87.79470336,,229 S OAK PARK AVE,1,717.6,1,1,1
477,apartment,apartment,1,41.88402303,-87.79472218,,231 S OAK PARK AVE,1,754.1,1,1,1
478,apartment,apartment,1,41.8837246,-87.79468271,,237 S OAK PARK AVE,1,858.8,1,1,1
479,apartment,apartment,1,41.88497513,-87.79472369,,209 S OAK PARK AVE,1,421.0,1,1,1
480,apartment,apartment,1,41.88240335,-87.8043577,,321 S MAPLE AVE,0,681.1,0,0,0
481,apartment,apartment,1,41.88228619,-87.80424288,,325 S MAPLE AVE,0,638.5,0,0,0
482,apartment,apartment,1,41.8821513,-87.80424399,,329 S MAPLE AVE,0,589.4,0,0,0
483,apartment,apartment,1,41.88202874,-87.80420398,,333 S MAPLE AVE 1,0,545.2,0,0,0
484,apartment,apartment,1,41.88270325,-87.80424367,,313 S MAPLE AVE,0,790.2,0,0,0
485,apartment,apartment,1,41.88262804,-87.80426109,,315 S MAPLE AVE,0,762.8,0,0,0
486,apartment,apartment,1,41.88256117,-87.80357387,,316 S MAPLE AVE,0,764.3,0,0,0
487,apartment,apartment,1,41.88312919,-87.80278643,,301 WISCONSIN AVE,0,764.9,0,0,0
488,apartment,apartment,1,41.88299584,-87.80278754,,305 WISCONSIN AVE,0,813.0,0,0,0
489,apartment,apartment,1,41.88287685,-87.80281638,,309 WISCONSIN AVE,0,857.0,0,0,0
490,apartment,apartment,1,41.88244669,-87.8027264,,321 WISCONSIN AVE,0,817.2,0,0,0
491,apartment,apartment,1,41.88218213,-87.80277778,,329 WISCONSIN AVE,0,728.9,0,0,0
492,apartment,apartment,1,41.88174901,-87.80275855,,1116 WASHINGTON BLVD,0,609.2,0,0,0
493,apartment,apartment,1,41.88223483,-87.80367134,,324 S MAPLE AVE,0,642.8,0,0,0
494,apartment,apartment,1,41.88292559,-87.80358346,,300 S MAPLE AVE,0,892.5,0,0,0
495,apartment,apartment,1,41.88295554,-87.80210422,,302 WISCONSIN AVE 1,0,822.5,0,0,0
496,apartment,apartment,1,41.88287078,-87.80209584,,308 WISCONSIN AVE,0,853.5,0,0,0
497,apartment,apartment,1,41.88249692,-87.80201243,,320 WISCONSIN AVE,0,946.8,0,0,0
498,apartment,apartment,1,41.88215911,-87.80200837,,328 WISCONSIN AVE,0,858.5,0,0,0
499,apartment,apartment,1,41.88179582,-87.80145868,,1032 WASHINGTON BLVD,0,773.8,0,0,0
500,apartment,apartment,1,41.88164018,-87.80122388,,1026 WASHINGTON BLVD,0,748.2,0,0,0
501,apartment,apartment,1,41.88290094,-87.80041808,,309 HOME AVE,0,991.3,0,0,0
502,apartment,apartment,1,41.88233863,-87.80040291,,325 HOME AVE,0,1024.5,0,0,0
503,apartment,apartment,1,41.88218292,-87.8003787,,327 HOME AVE,0,968.2,0,0,0
504,apartment,apartment,1,41.88314882,-87.80036923,,301 HOME AVE,0,923.8,0,0,0
505,apartment,apartment,1,41.88302243,-87.80209848,,300 WISCONSIN AVE,0,798.4,0,0,0
506,apartment,apartment,1,41.88301468,-87.79966856,,306 HOME AVE,0,1081.8,0,0,0
507,apartment,apartment,1,41.88260508,-87.79966141,,316 HOME AVE 1,0,1079.3,0,0,0
508,apartment,apartment,1,41.88248768,-87.79967939,,320 HOME AVE,0,1044.2,0,0,0
509,apartment,apartment,1,41.88319997,-87.79968573,,300 HOME AVE,0,1029.8,0,0,0
510,apartment,apartment,1,41.88309861,-87.7996819,,304 HOME AVE,0,1057.0,0,0,0
511,apartment,apartment,1,41.88320951,-87.79822064,,300 CLINTON AVE,0,1178.0,0,0,0
512,apartment,apartment,1,41.88293339,-87.7982089,,308 CLINTON AVE,0,1077.7,0,0,0
513,apartment,apartment,1,41.8830822,-87.79676645,,304 S KENILWORTH AVE,0,1143.5,0,0,0
514,apartment,apartment,1,41.88292253,-87.79669306,,310 S KENILWORTH AVE,0,1084.3,0,0,0
515,apartment,apartment,1,41.88259449,-87.79597801,,321 S GROVE AVE,0,969.5,0,0,0
516,apartment,apartment,1,41.88230324,-87.79602003,,325 S GROVE AVE,0,862.8,0,0,0
517,apartment,apartment,1,41.88179555,-87.79590527,,832 WASHINGTON BLVD,0,685.2,0,0,0
518,apartment,apartment,1,41.88301945,-87.79536229,,308 S GROVE AVE,1,1124.4,1,1,1
519,apartment,apartment,1,41.88275409,-87.79535465,,316 S GROVE AVE,0,1029.1,0,0,0
520,apartment,apartment,1,41.88304965,-87.79489929,,305 S OAK PARK AVE,1,1111.0,1,1,1
521,apartment,apartment,1,41.88276297,-87.79470955,,317 S OAK PARK AVE,1,1013.0,1,1,1
522,apartment,apartment,1,41.88263374,-87.79468095,,321 S OAK PARK AVE,1,965.8,1,1,1
523,apartment,apartment,1,41.88250115,-87.79472644,,325 S OAK PARK AVE 1,1,917.8,1,1,1
524,apartment,apartment,1,41.88127519,-87.804587,,97 N HARLEM AVE,1,281.0,1,1,1
525,apartment,apartment,1,41.88124033,-87.8031952,,400 S MAPLE AVE,0,395.5,0,0,1
526,apartment,apartment,1,41.88010943,-87.80357337,,436 S MAPLE AVE,1,123.7,1,1,1
527,apartment,apartment,1,41.88122265,-87.80299494,,1113 WASHINGTON BLVD,0,434.4,0,0,0
528,apartment,apartment,1,41.88018516,-87.80263307,,433 WISCONSIN AVE,1,140.9,1,1,1
529,apartment,apartment,1,41.87981007,-87.8031118,,1116 MADISON ST,1,64.0,1,1,1
530,apartment,apartment,1,41.87980971,-87.80303485,,1114 MADISON ST,1,84.8,1,1,1
531,apartment,apartment,1,41.87979796,-87.80293815,,1112 MADISON ST,1,111.2,1,1,1
532,apartment,apartment,1,41.88073246,-87.80352486,,414 S MAPLE AVE,0,223.0,0,1,1
533,apartment,apartment,1,41.8805764,-87.80344474,,420 S MAPLE AVE,0,233.1,0,1,1
534,apartment,apartment,1,41.8812422,-87.80184572,,1035 WASHINGTON BLVD,0,548.6,0,0,0
535,apartment,apartment,1,41.8798665,-87.8001289,,1000 MADISON ST,1,171.8,1,1,1
536,apartment,apartment,1,41.88134186,-87.79873188,,945 WASHINGTON AVE,0,555.1,0,0,0
537,apartment,apartment,1,41.88107563,-87.79887794,,945 WASHINGTON AVE,0,494.0,0,0,0
538,apartment,apartment,1,41.88083833,-87.7988085,,417 CLINTON AVE,0,415.2,0,0,0
539,apartment,apartment,1,41.88012831,-87.79873744,,437 CLINTON AVE,1,263.0,1,1,1
540,apartment,apartment,1,41.88027069,-87.79811319,,432 CLINTON AVE,1,135.6,1,1,1
541,apartment,apartment,1,41.88137691,-87.79747834,,403 S KENILWORTH AVE,0,511.8,0,0,0
542,apartment,apartment,1,41.88113119,-87.79729921,,409 S KENILWORTH AVE,0,435.9,0,0,0
543,apartment,apartment,1,41.88056949,-87.7972458,,425 S KENILWORTH AVE,0,256.7,0,1,1
544,apartment,apartment,1,41.88005645,-87.79749235,,900 MADISON ST,1,67.4,1,1,1
545,apartment,apartment,1,41.8811819,-87.79678752,,853 WASHINGTON BLVD,0,456.0,0,0,0
546,apartment,apartment,1,41.88089375,-87.79669298,,414 S KENILWORTH AVE,0,348.4,0,0,1
547,apartment,apartment,1,41.88089322,-87.79589374,,417 S GROVE AVE,0,370.0,0,0,1
548,apartment,apartment,1,41.88038344,-87.79578631,,435 S GROVE AVE,0,214.5,0,1,1
549,apartment,apartment,1,41.87994725,-87.79659998,,850 MADISON ST,1,25.4,1,1,1
550,apartment,apartment,1,41.87997517,-87.79627388,,844 MADISON ST,1,36.0,1,1,1
551,apartment,apartment,1,41.88104527,-87.79531128,,412 S GROVE AVE 1,0,408.1,0,0,0
552,apartment,apartment,1,41.8810693,-87.79464372,,413 S OAK PARK AVE,1,396.2,1,1,1
553,apartment,apartment,1,41.88099674,-87.79454057,,417 S OAK PARK AVE,1,370.3,1,1,1
554,apartment,apartment,1,41.88080959,-87.79468734,,421 S OAK PARK AVE,1,302.2,1,1,1
555,apartment,apartment,1,41.88669608,-87.79386277,,721 SOUTH BLVD,1,101.1,1,1,1
556,apartment,apartment,1,41.88592217,-87.79315854,,123 S EUCLID AVE,0,273.4,0,1,1
557,apartment,apartment,1,41.88576406,-87.79347876,,129 S EUCLID AVE,1,210.3,1,1,1
558,apartment,apartment,1,41.88564609,-87.79311889,,131 S EUCLID AVE,0,316.4,0,0,1
559,apartment,apartment,1,41.88668016,-87.79183808,,647 SOUTH BLVD,1,160.2,1,1,1
560,apartment,apartment,1,41.88673598,-87.79148935,,101 WESLEY AVE,1,256.5,1,1,1
561,apartment,apartment,1,41.88662467,-87.79148429,,103 WESLEY AVE,1,255.2,1,1,1
562,apartment,apartment,1,41.88652234,-87.79148516,,105 WESLEY AVE,1,258.1,1,1,1
563,apartment,apartment,1,41.88641106,-87.7914861,,107 WESLEY AVE,1,267.3,1,1,1
564,apartment,apartment,1,41.88674184,-87.7908336,,102 WESLEY AVE,1,379.3,1,1,1
565,apartment,apartment,1,41.88641681,-87.79080667,,110 WESLEY AVE,1,445.8,1,1,1
566,apartment,apartment,1,41.88601797,-87.78828887,,127 S SCOVILLE AVE,0,568.5,0,0,0
567,apartment,apartment,1,41.88670442,-87.78880263,,515 SOUTH BLVD,1,632.6,1,1,1
568,apartment,apartment,1,41.88672466,-87.78741625,,459 SOUTH BLVD,1,257.4,1,1,1
569,apartment,apartment,1,41.88671426,-87.78727321,,453 SOUTH BLVD,1,219.3,1,1,1
570,apartment,apartment,1,41.8868185,-87.78571031,,419 SOUTH BLVD,1,206.5,1,1,1
571,apartment,apartment,1,41.88661847,-87.78534137,,411 SOUTH BLVD,1,313.3,1,1,1
572,apartment,apartment,1,41.88671796,-87.78487169,,401 SOUTH BLVD,1,434.6,1,1,1
573,apartment,apartment,1,41.88447464,-87.79389981,,212 S OAK PARK AVE,1,577.8,1,1,1
574,apartment,apartment,1,41.88380116,-87.79405175,,232 S OAK PARK AVE,1,819.3,1,1,1
575,apartment,apartment,1,41.88368447,-87.79407353,,236 S OAK PARK AVE,1,861.6,1,1,1
576,apartment,apartment,1,41.88427316,-87.79073022,,220 WESLEY AVE,0,974.4,0,0,0
577,apartment,apartment,1,41.88425375,-87.78983878,,221 S EAST AVE,0,1114.4,0,0,0
578,apartment,apartment,1,41.88402571,-87.78822526,,229 S SCOVILLE AVE,0,1115.6,0,0,0
579,apartment,apartment,1,41.88389216,-87.7882204,,233 S SCOVILLE AVE 1,0,1159.3,0,0,0
580,apartment,apartment,1,41.88478149,-87.78659663,,209 S ELMWOOD AVE SA,0,735.1,0,0,0
581,apartment,apartment,1,41.88458794,-87.78656873,,213 S ELMWOOD AVE,0,805.2,0,0,0
582,apartment,apartment,1,41.88504575,-87.78500078,,201 S RIDGELAND AVE,1,752.4,1,1,1
583,apartment,apartment,1,41.88316139,-87.79362876,,717 RANDOLPH ST,1,1061.3,1,1,1
584,apartment,apartment,1,41.88272584,-87.79400451,,312 S OAK PARK AVE 2S,1,1012.8,1,1,1
585,apartment,apartment,1,41.88262082,-87.79394976,,316 S OAK PARK AVE,1,972.0,1,1,1
586,apartment,apartment,1,41.88248425,-87.79393622,,320 S OAK PARK AVE 2,1,923.7,1,1,1
587,apartment,apartment,1,41.88239201,-87.793937,,322 S OAK PARK AVE,1,892.1,1,1,1
588,apartment,apartment,1,41.88201713,-87.79391684,,334 S OAK PARK AVE,1,762.8,1,1,1
589,apartment,apartment,1,41.88186797,-87.79400934,,338 S OAK PARK AVE,1,706.2,1,1,1
590,apartment,apartment,1,41.88177421,-87.79385169,,720 WASHINGTON BLVD,1,674.7,1,1,1
591,apartment,apartment,1,41.88182517,-87.79312811,,710 WASHINGTON BLVD,0,639.1,0,0,0
592,apartment,apartment,1,41.8823033,-87.79389817,,326 S OAK PARK AVE,1,858.2,1,1,1
593,apartment,apartment,1,41.88268673,-87.79150377,,315 WESLEY AVE,0,936.5,0,0,0
594,apartment,apartment,1,41.88253525,-87.79145079,,319 WESLEY AVE,0,879.5,0,0,0
595,apartment,apartment,1,41.8818336,-87.79203791,,652 WASHINGTON BLVD,0,672.5,0,0,0
596,apartment,apartment,1,41.88274817,-87.79071298,,314 WESLEY AVE,0,920.0,0,0,0
597,apartment,apartment,1,41.88184463,-87.79047505,,622 WASHINGTON BLVD,0,589.2,0,0,0
598,apartment,apartment,1,41.88255718,-87.78983976,,323 S EAST AVE,0,862.4,0,0,0
599,apartment,apartment,1,41.88232484,-87.78806894,,329 S SCOVILLE AVE,0,881.3,0,0,0
600,apartment,apartment,1,41.88189632,-87.78896195,,524 WASHINGTON BLVD,0,656.4,0,0,0
601,apartment,apartment,1,41.88246457,-87.78737561,,322 S SCOVILLE AVE,0,852.0,0,0,0
602,apartment,apartment,1,41.88204482,-87.78729644,,458 WASHINGTON BLVD,0,700.2,0,0,0
603,apartment,apartment,1,41.88185178,-87.78594029,,428 WASHINGTON BLVD,0,596.3,0,0,0
604,apartment,apartment,1,41.88194714,-87.78553101,,420 WASHINGTON BLVD,0,634.6,0,0,0
605,apartment,apartment,1,41.88193532,-87.78538302,,416 WASHINGTON BLVD,0,619.6,0,0,0
606,apartment,apartment,1,41.88080977,-87.79296979,,419 S EUCLID AVE,0,267.1,0,1,1
607,apartment,apartment,1,41.88136781,-87.79194433,,651 WASHINGTON BLVD,0,525.9,0,0,0
608,apartment,apartment,1,41.88136872,-87.79213709,,655 WASHINGTON BLVD,0,504.4,0,0,0
609,apartment,apartment,1,41.8807145,-87.79232024,,422 S EUCLID AVE,0,268.4,0,1,1
610,apartment,apartment,1,41.88136441,-87.79172833,,647 WASHINGTON BLVD,0,532.3,0,0,0
611,apartment,apartment,1,41.88138428,-87.79152928,,643 WASHINGTON BLVD 1,0,506.2,0,0,0
612,apartment,apartment,1,41.88076085,-87.79059306,,420 WESLEY AVE,0,196.5,1,1,1
613,apartment,apartment,1,41.88057007,-87.79061057,,426 WESLEY AVE,1,129.1,1,1,1
614,apartment,apartment,1,41.88033999,-87.78792793,,500 MADISON ST,1,268.1,1,1,1
615,apartment,apartment,1,41.88142148,-87.78710961,,455 WASHINGTON BLVD,0,470.3,0,0,0
616,apartment,apartment,1,41.88142786,-87.78689221,,451 WASHINGTON BLVD,0,452.9,0,0,0
617,apartment,apartment,1,41.8807815,-87.78734289,,422 S SCOVILLE AVE 2,0,317.1,0,0,1
618,apartment,apartment,1,41.8806487,-87.78734402,,428 S SCOVILLE AVE,0,289.3,0,1,1
619,apartment,apartment,1,41.88109182,-87.78644661,,415 S ELMWOOD AVE,0,313.4,0,0,1
620,apartment,apartment,1,41.88052696,-87.78648366,,431 S ELMWOOD AVE,1,108.5,1,1,1
621,apartment,apartment,1,41.88080214,-87.78650769,,421 S ELMWOOD AVE,0,208.8,0,1,1
622,apartment,apartment,1,41.88147,-87.78743837,,400 S SCOVILLE AVE,0,526.5,0,0,0
623,apartment,apartment,1,41.88148033,-87.78575518,,423 WASHINGTON BLVD,0,468.1,0,0,0
624,apartment,apartment,1,41.88145798,-87.78556863,,419 WASHINGTON BLVD 1,0,472.2,0,0,0
625,apartment,apartment,1,41.88145466,-87.78547258,,417 WASHINGTON BLVD,0,460.6,0,0,0
626,apartment,apartment,1,41.88144406,-87.78496239,,405 WASHINGTON BLVD,1,423.7,1,1,1
627,apartment,apartment,1,41.88144064,-87.78478395,,401 WASHINGTON BLVD,1,421.0,1,1,1
628,apartment,apartment,1,41.88095903,-87.78576085,,418 S ELMWOOD AVE 1,0,283.3,0,1,1
629,apartment,apartment,1,41.88065602,-87.78573224,,426 S ELMWOOD AVE,0,185.0,1,1,1
630,apartment,apartment,1,41.88051954,-87.78573821,,430 S ELMWOOD AVE,1,143.2,1,1,1
631,apartment,apartment,1,41.88098542,-87.78496523,,419 S RIDGELAND AVE,1,257.9,1,1,1
632,apartment,apartment,1,41.88020027,-87.78497043,,408 MADISON ST,1,25.5,1,1,1
633,apartment,apartment,1,41.89432702,-87.7842792,,319 CHICAGO AVE,1,67.8,1,1,1
634,apartment,apartment,1,41.89433602,-87.78383147,,311 CHICAGO AVE,1,185.0,1,1,1
635,apartment,apartment,1,41.89424154,-87.7828975,,428 N CUYLER AVE,0,184.0,1,1,1
636,apartment,apartment,1,41.8935986,-87.7819849,,411 N HARVEY AVE,0,450.6,0,0,0
637,apartment,apartment,1,41.89403326,-87.78040264,,423 N LOMBARD AVE,0,530.7,0,0,0
638,apartment,apartment,1,41.8932847,-87.78035812,,204 SUPERIOR ST,0,740.8,0,0,0
639,apartment,apartment,1,41.89433939,-87.77818185,,59 CHICAGO AVE,1,248.9,1,1,1
640,apartment,apartment,1,41.8944456,-87.77799321,,57 CHICAGO AVE,1,204.6,1,1,1
641,apartment,apartment,1,41.89444514,-87.77789793,,55 CHICAGO AVE,1,206.2,1,1,1
642,apartment,apartment,1,41.89444783,-87.77771686,,51 CHICAGO AVE,1,216.7,1,1,1
643,apartment,apartment,1,41.89444737,-87.77762158,,49 CHICAGO AVE,1,226.9,1,1,1
644,apartment,apartment,1,41.89444686,-87.77751676,,47 CHICAGO AVE 2,1,227.0,1,1,1
645,apartment,apartment,1,41.89444642,-87.77742625,,45 CHICAGO AVE,1,216.3,1,1,1
646,apartment,apartment,1,41.89444596,-87.77733096,,43 CHICAGO AVE 1,1,207.7,1,1,1
647,apartment,apartment,1,41.89454878,-87.77697776,,425 N HUMPHREY AVE,1,147.7,1,1,1
648,apartment,apartment,1,41.89393178,-87.77797503,,418 N TAYLOR AVE,0,391.7,0,0,1
649,apartment,apartment,1,41.89365324,-87.77777197,,408 N TAYLOR AVE,0,478.7,0,0,0
650,apartment,apartment,1,41.8933566,-87.77781651,,400 N TAYLOR AVE,0,563.3,0,0,0
651,apartment,apartment,1,41.89340563,-87.77744887,,50 SUPERIOR ST,0,487.8,0,0,0
652,apartment,apartment,1,41.89353337,-87.77712114,,407 N HUMPHREY AVE 2,0,402.1,0,0,0
653,apartment,apartment,1,41.89347488,-87.77712165,,405 N HUMPHREY AVE,0,421.1,0,0,0
654,apartment,apartment,1,41.89340247,-87.77712228,,403 N HUMPHREY AVE,0,445.0,0,0,0
655,apartment,apartment,1,41.89331614,-87.77712303,,401 N HUMPHREY AVE 1,0,473.8,0,0,0
656,apartment,apartment,1,41.89412461,-87.7754561,,722 N AUSTIN BLVD,1,129.1,1,1,1
657,apartment,apartment,1,41.89363328,-87.77577843,,712 N AUSTIN BLVD,1,303.7,1,1,1
658,apartment,apartment,1,41.89336623,-87.77562357,,700 N AUSTIN BLVD,1,397.7,1,1,1
659,apartment,apartment,1,41.89437948,-87.77530932,,728 AUSTIN AVE 2,1,88.0,1,1,1
660,apartment,apartment,1,41.8920996,-87.78286707,,304 N CUYLER AVE,0,948.6,0,0,0
661,apartment,apartment,1,41.89186801,-87.78286054,,300 N CUYLER AVE,0,1024.6,0,0,0
662,apartment,apartment,1,41.89266915,-87.78193525,,323 N HARVEY AVE,0,784.9,0,0,0
663,apartment,apartment,1,41.89275585,-87.78034872,,325 N LOMBARD AVE,0,906.8,0,0,0
664,apartment,apartment,1,41.89260777,-87.78032457,,319 N LOMBARD AVE,0,957.6,0,0,0
665,apartment,apartment,1,41.89193919,-87.77956282,,300 N LOMBARD AVE 2,0,774.4,0,0,0
666,apartment,apartment,1,41.89284429,-87.77555201,,626 N AUSTIN BLVD,1,453.6,1,1,1
667,apartment,apartment,1,41.89052431,-87.78432617,,202 N RIDGELAND AVE,1,624.3,1,1,1
668,apartment,apartment,1,41.89052844,-87.78349863,,201 N CUYLER AVE,0,682.9,0,0,0
669,apartment,apartment,1,41.89108488,-87.78112433,,216 N HARVEY AVE,0,868.9,0,0,0
670,apartment,apartment,1,41.89164263,-87.77953824,,232 N LOMBARD AVE,0,731.8,0,0,0
671,apartment,apartment,1,41.89141757,-87.77950672,,226 N LOMBARD AVE,0,705.5,0,0,0
672,apartment,apartment,1,41.89129579,-87.77951614,,222 N LOMBARD AVE 2,0,702.0,0,0,0
673,apartment,apartment,1,41.89118647,-87.77951708,,220 N LOMBARD AVE,0,699.2,0,0,0
674,apartment,apartment,1,41.89059554,-87.77949486,,200 N LOMBARD AVE,0,715.9,0,0,0
675,apartment,apartment,1,41.89165733,-87.77870145,,233 N TAYLOR AVE,0,519.4,0,0,0
676,apartment,apartment,1,41.89137937,-87.77871222,,225 N TAYLOR AVE,0,491.4,0,0,0
677,apartment,apartment,1,41.88846661,-87.78407619,,316 LAKE ST,1,50.4,1,1,1
678,apartment,apartment,1,41.88850303,-87.78367149,,310 LAKE ST,1,47.9,1,1,1
679,apartment,apartment,1,41.88996741,-87.78271445,,168 N CUYLER AVE,0,558.9,0,0,0
680,apartment,apartment,1,41.88867788,-87.78288983,,130 N CUYLER AVE,1,173.4,1,1,1
681,apartment,apartment,1,41.88837886,-87.78284347,,266 LAKE ST,1,189.9,1,1,1
682,apartment,apartment,1,41.88853436,-87.78264641,,260 LAKE ST,1,167.0,1,1,1
683,apartment,apartment,1,41.88847053,-87.78219542,,250 LAKE ST,1,42.9,1,1,1
684,apartment,apartment,1,41.88970928,-87.78028624,,163 N LOMBARD AVE,0,438.9,0,0,0
685,apartment,apartment,1,41.88842739,-87.78096673,,224 LAKE ST,1,46.0,1,1,1
686,apartment,apartment,1,41.88872107,-87.78025466,,133 N LOMBARD AVE,1,115.4,1,1,1
687,apartment,apartment,1,41.88861596,-87.78021741,,131 N LOMBARD AVE 1,1,76.4,1,1,1
688,apartment,apartment,1,41.89029874,-87.77947191,,178 N LOMBARD AVE 1,0,701.8,0,0,0
689,apartment,apartment,1,41.88975872,-87.77868557,,163 N TAYLOR AVE,0,616.9,0,0,0
690,apartment,apartment,1,41.88825536,-87.77844414,,119 N TAYLOR AVE,1,451.5,1,1,1
691,apartment,apartment,1,41.88908071,-87.77863311,,143 N TAYLOR AVE,0,461.9,0,0,0
692,apartment,apartment,1,41.88846967,-87.77888878,,114 LAKE ST,1,327.0,1,1,1
693,apartment,apartment,1,41.89018676,-87.77705679,,175 N HUMPHREY AVE,0,328.6,0,0,1
694,apartment,apartment,1,41.88949524,-87.77702634,,155 N HUMPHREY AVE 1,0,466.3,0,0,0
695,apartment,apartment,1,41.88936455,-87.77702019,,151 N HUMPHREY AVE,0,422.7,0,0,0
696,apartment,apartment,1,41.8883536,-87.7773338,,50 LAKE ST,1,276.3,1,1,1
697,apartment,apartment,1,41.88835307,-87.77722348,,48 LAKE ST,1,246.4,1,1,1
698,apartment,apartment,1,41.888404,-87.77680383,,38 LAKE ST,1,135.4,1,1,1
699,apartment,apartment,1,41.88834174,-87.77760751,,56 LAKE ST,1,350.4,1,1,1
700,apartment,apartment,1,41.88834431,-87.77745744,,54 LAKE ST,1,309.7,1,1,1
701,apartment,apartment,1,41.89029701,-87.7762649,,176 N HUMPHREY AVE,0,195.8,1,1,1
702,apartment,apartment,1,41.88979051,-87.7762071,,162 N HUMPHREY AVE,0,379.7,0,0,1
703,apartment,apartment,1,41.88900893,-87.77616612,,130 N HUMPHREY AVE,0,250.8,0,1,1
704,apartment,apartment,1,41.89037691,-87.77524447,,480 N AUSTIN BLVD,1,310.2,1,1,1
705,apartment,apartment,1,41.88934301,-87.77539146,,450 N AUSTIN BLVD,1,396.0,1,1,1
706,apartment,apartment,1,41.88908162,-87.77556221,,440 N AUSTIN BLVD,1,304.7,1,1,1
707,apartment,apartment,1,41.8888383,-87.77521317,,432 N AUSTIN BLVD,1,217.3,1,1,1
708,apartment,apartment,1,41.88822431,-87.77597349,,18 LAKE ST,1,100.0,1,1,1
709,apartment,apartment,1,41.88950104,-87.7762192,,146 N HUMPHREY AVE,0,427.4,0,0,0
710,apartment,apartment,1,41.88985622,-87.77533601,,466 N AUSTIN BLVD,1,427.5,1,1,1
711,apartment,apartment,1,41.8878043,-87.78042327,,101 N LOMBARD AVE,1,159.8,1,1,1
712,apartment,apartment,1,41.88799044,-87.78030509,,201 LAKE ST,1,159.4,1,1,1
713,apartment,apartment,1,41.88677713,-87.7835866,,309 SOUTH BLVD,1,87.2,1,1,1
714,apartment,apartment,1,41.88676069,-87.78167571,,101 S HARVEY AVE,0,430.7,0,0,0
715,apartment,apartment,1,41.8858492,-87.7817309,,133 S HARVEY AVE,0,537.3,0,0,0
716,apartment,apartment,1,41.88591681,-87.78172959,,127 S HARVEY AVE,0,522.3,0,0,0
717,apartment,apartment,1,41.88676472,-87.78118993,,225 SOUTH BLVD,1,486.5,1,1,1
718,apartment,apartment,1,41.88566205,-87.78118095,,136 S HARVEY AVE,0,697.0,0,0,0
719,apartment,apartment,1,41.88537947,-87.78065383,,228 PLEASANT ST,0,873.0,0,0,0
720,apartment,apartment,1,41.88623758,-87.78000316,,117 S LOMBARD AVE,0,712.0,0,0,0
721,apartment,apartment,1,41.88662298,-87.77904669,,117 SOUTH BLVD,1,715.5,1,1,1
722,apartment,apartment,1,41.88634072,-87.77937852,,118 S LOMBARD AVE,1,753.0,1,1,1
723,apartment,apartment,1,41.88612092,-87.77940239,,124 S LOMBARD AVE,0,818.3,0,0,0
724,apartment,apartment,1,41.88600589,-87.77937262,,128 S LOMBARD AVE 1ST,0,858.9,0,0,0
725,apartment,apartment,1,41.88580563,-87.77936556,,134 S LOMBARD AVE,0,924.5,0,0,0
726,apartment,apartment,1,41.88682992,-87.77847993,,105 S TAYLOR AVE,0,727.6,0,0,0
727,apartment,apartment,1,41.88692681,-87.77771631,,102 S TAYLOR AVE,0,636.2,0,0,0
728,apartment,apartment,1,41.88672676,-87.77775321,,106 S TAYLOR AVE,0,701.5,0,0,0
729,apartment,apartment,1,41.88661517,-87.77775417,,112 S TAYLOR AVE,0,735.7,0,0,0
730,apartment,apartment,1,41.8864642,-87.77775988,,114 S TAYLOR AVE,0,783.6,0,0,0
731,apartment,apartment,1,41.88625079,-87.77774854,,120 S TAYLOR AVE,0,830.3,0,0,0
732,apartment,apartment,1,41.88558764,-87.77772791,,140 S TAYLOR AVE,0,995.3,0,0,0
733,apartment,apartment,1,41.88690948,-87.7769118,,49 SOUTH BLVD,1,505.6,1,1,1
734,apartment,apartment,1,41.88690075,-87.77669213,,37 SOUTH BLVD,1,459.0,1,1,1
735,apartment,apartment,1,41.88691074,-87.77615174,,102 S HUMPHREY AVE,1,352.1,1,1,1
736,apartment,apartment,1,41.88623259,-87.77611807,,120 S HUMPHREY AVE,0,564.2,0,0,0
737,apartment,apartment,1,41.88580249,-87.77609543,,132 S HUMPHREY AVE 1,0,710.4,0,0,0
738,apartment,apartment,1,41.88552662,-87.77606706,,140 S HUMPHREY AVE 1,0,805.4,0,0,0
739,apartment,apartment,1,41.88575406,-87.77515529,,312 N AUSTIN BLVD,1,701.2,1,1,1
740,apartment,apartment,1,41.88549665,-87.77546328,,302 N AUSTIN BLVD,1,793.4,1,1,1
741,apartment,apartment,1,41.88508514,-87.78007396,,201 S LOMBARD AVE,0,1063.2,0,0,0
742,apartment,apartment,1,41.88471857,-87.77933373,,214 S LOMBARD AVE,0,1293.8,0,0,0
743,apartment,apartment,1,41.88460547,-87.77932766,,216 S LOMBARD AVE,0,1329.5,0,0,0
744,apartment,apartment,1,41.88515797,-87.77847447,,201 S TAYLOR AVE,0,1246.6,0,0,0
745,apartment,apartment,1,41.88495108,-87.77845429,,209 S TAYLOR AVE,0,1299.4,0,0,0
746,apartment,apartment,1,41.88438573,-87.77842593,,225 S TAYLOR AVE,0,1458.0,0,0,0
747,apartment,apartment,1,41.88485313,-87.7776979,,210 S TAYLOR AVE,0,1207.5,0,0,0
748,apartment,apartment,1,41.884727,-87.77771135,,214 S TAYLOR AVE,0,1248.6,0,0,0
749,apartment,apartment,1,41.88439027,-87.77768257,,222 S TAYLOR AVE,0,1351.8,0,0,0
750,apartment,apartment,1,41.88518468,-87.77520764,,234 N AUSTIN BLVD,1,907.3,1,1,1
751,apartment,apartment,1,41.88505407,-87.77516405,,230 N AUSTIN BLVD,1,955.3,1,1,1
752,apartment,apartment,1,41.88484083,-87.77518789,,224 N AUSTIN BLVD,1,1032.6,1,1,1
753,apartment,apartment,1,41.88474227,-87.77517116,,220 N AUSTIN BLVD,1,1068.6,1,1,1
754,apartment,apartment,1,41.884378,-87.77521443,,208 N AUSTIN BLVD,1,1200.6,1,1,1
755,apartment,apartment,1,41.88332563,-87.78423426,,300 S RIDGELAND AVE 1ST,1,1118.6,1,1,1
756,apartment,apartment,1,41.88236104,-87.78422172,,328 S RIDGELAND AVE,1,773.0,1,1,1
757,apartment,apartment,1,41.88225778,-87.7842226,,332 S RIDGELAND AVE 1,1,735.6,1,1,1
758,apartment,apartment,1,41.88208623,-87.78401365,,320 WASHINGTON BLVD,1,669.5,1,1,1
759,apartment,apartment,1,41.88199082,-87.78379856,,316 WASHINGTON BLVD,0,635.7,0,0,0
760,apartment,apartment,1,41.88205424,-87.78333889,,300 WASHINGTON BLVD,0,677.5,0,0,0
761,apartment,apartment,1,41.88230985,-87.78244876,,332 S CUYLER AVE,0,760.6,0,0,0
762,apartment,apartment,1,41.88249485,-87.78164393,,337 S HARVEY AVE,0,808.1,0,0,0
763,apartment,apartment,1,41.8824022,-87.78164473,,339 S HARVEY AVE,0,774.5,0,0,0
764,apartment,apartment,1,41.88232391,-87.781655,,343 S HARVEY AVE,0,746.3,0,0,0
765,apartment,apartment,1,41.88195519,-87.78272871,,264 WASHINGTON BLVD,0,631.1,0,0,0
766,apartment,apartment,1,41.88199325,-87.78254363,,260 WASHINGTON BLVD,0,644.4,0,0,0
767,apartment,apartment,1,41.88199249,-87.78238624,,258 WASHINGTON BLVD,0,646.1,0,0,0
768,apartment,apartment,1,41.88201672,-87.78224273,,256 WASHINGTON BLVD 1,0,646.3,0,0,0
769,apartment,apartment,1,41.88201982,-87.78213777,,252 WASHINGTON BLVD,0,642.8,0,0,0
770,apartment,apartment,1,41.88206047,-87.78200573,,238 WASHINGTON BLVD,0,653.5,0,0,0
771,apartment,apartment,1,41.88328165,-87.7809347,,312 S HARVEY AVE,0,1099.6,0,0,0
772,apartment,apartment,1,41.88196605,-87.78106795,,230 WASHINGTON BLVD,0,620.2,0,0,0
773,apartment,apartment,1,41.88351215,-87.77935086,,310 S LOMBARD AVE 2ND,0,1161.1,0,0,0
774,apartment,apartment,1,41.88302306,-87.77842799,,323 S TAYLOR AVE,0,982.1,0,0,0
775,apartment,apartment,1,41.88283782,-87.77845527,,331 S TAYLOR AVE,0,914.3,0,0,0
776,apartment,apartment,1,41.8822649,-87.77918148,,130 WASHINGTON BLVD,0,704.9,0,0,0
777,apartment,apartment,1,41.88232574,-87.77885088,,116 WASHINGTON BLVD,0,721.5,0,0,0
778,apartment,apartment,1,41.88232506,-87.77870966,,114 WASHINGTON BLVD,0,722.3,0,0,0
779,apartment,apartment,1,41.88232433,-87.77855988,,110 WASHINGTON BLVD,0,725.4,0,0,0
780,apartment,apartment,1,41.88233656,-87.77844421,,106 WASHINGTON BLVD 1,0,733.9,0,0,0
781,apartment,apartment,1,41.88226589,-87.77820509,,102 W WASHINGTON BLVD,0,718.8,0,0,0
782,apartment,apartment,1,41.88232458,-87.77776821,,64 WASHINGTON BLVD,0,748.5,0,0,0
783,apartment,apartment,1,41.88233067,-87.77762972,,60 WASHINGTON BLVD,0,757.1,0,0,0
784,apartment,apartment,1,41.8823246,-87.7771134,,48 WASHINGTON BLVD 2,0,741.6,0,0,0
785,apartment,apartment,1,41.88233031,-87.77697212,,46 WASHINGTON BLVD,0,740.0,0,0,0
786,apartment,apartment,1,41.88359592,-87.7751169,,142 N AUSTIN BLVD 2,1,1137.7,1,1,1
787,apartment,apartment,1,41.88232791,-87.77583404,,24 WASHINGTON BLVD,0,723.6,0,0,0
788,apartment,apartment,1,41.88243841,-87.77526638,,10 WASHINGTON BLVD,1,722.6,1,1,1
789,apartment,apartment,1,41.88013813,-87.78418168,,436 S RIDGELAND AVE,1,76.4,1,1,1
790,apartment,apartment,1,41.88014812,-87.78356219,,314 MADISON ST,1,108.9,1,1,1
791,apartment,apartment,1,41.88014983,-87.78345114,,312 MADISON ST,1,137.5,1,1,1
792,apartment,apartment,1,41.88015243,-87.78326288,,308 MADISON ST,1,179.2,1,1,1
793,apartment,apartment,1,41.88015429,-87.78315701,,300 MADISON ST,1,150.8,1,1,1
794,apartment,apartment,1,41.8814774,-87.78258121,,261 WASHINGTON BLVD,0,456.4,0,0,0
795,apartment,apartment,1,41.88118644,-87.7816258,,415 S HARVEY AVE,0,334.4,0,0,1
796,apartment,apartment,1,41.88101411,-87.78161437,,421 S HARVEY AVE,0,272.2,0,1,1
797,apartment,apartment+townhome,3,41.88135181,-87.78090001,2,221 WASHINGTON BLVD,0,413.5,0,0,0
798,apartment,apartment,1,41.8814406,-87.78030614,,213 WASHINGTON BLVD,0,421.6,0,0,0
799,apartment,apartment,1,41.88117428,-87.78094306,,414 S HARVEY AVE,0,348.8,0,0,1
800,apartment,apartment,1,41.88064412,-87.78084998,,428 S HARVEY AVE,1,201.4,1,1,1
801,apartment,apartment,1,41.88087722,-87.77994372,,421 S LOMBARD AVE,0,218.7,0,1,1
802,apartment,apartment,1,41.88177912,-87.77902339,,117 WASHINGTON BLVD,0,524.5,0,0,0
803,apartment,apartment,1,41.88177686,-87.77860987,,111 WASHINGTON BLVD,0,525.9,0,0,0
804,apartment,apartment,1,41.8818473,-87.77819212,,103 WASHINGTON BLVD,0,566.5,0,0,0
805,apartment,apartment,1,41.8814016,-87.77925788,,414 S LOMBARD AVE 1ST,0,400.3,0,0,0
806,apartment,apartment,1,41.88129531,-87.77926328,,416 S LOMBARD AVE,0,363.6,0,0,1
807,apartment,apartment,1,41.88120734,-87.77926623,,418 S LOMBARD AVE,0,333.5,0,0,1
808,apartment,apartment,1,41.88145776,-87.77825625,,415 S TAYLOR AVE,0,425.2,0,0,0
809,apartment,apartment,1,41.88041781,-87.77937701,,132 MADISON ST,1,143.9,1,1,1
810,apartment,apartment,1,41.88030994,-87.77860845,,114 MADISON ST,1,56.1,1,1,1
811,apartment,apartment,1,41.8817772,-87.77725829,,51 WASHINGTON BLVD,0,548.5,0,0,0
812,apartment,apartment,1,41.88182076,-87.77712307,,47 WASHINGTON BLVD,0,559.7,0,0,0
813,apartment,apartment,1,41.88096309,-87.77768674,,426 S TAYLOR AVE,0,278.6,0,1,1
814,apartment,apartment,1,41.88136133,-87.77669051,,419 S HUMPHREY AVE,0,386.3,0,0,1
815,apartment,apartment,1,41.8809556,-87.77672827,,429 S HUMPHREY AVE,0,238.3,0,1,1
816,apartment,apartment,1,41.88031113,-87.77745821,,58 MADISON ST,1,141.7,1,1,1
817,apartment,apartment,1,41.88027234,-87.77736867,,56 MADISON ST,1,117.3,1,1,1
818,apartment,apartment,1,41.88137997,-87.77593403,,418 S HUMPHREY AVE,0,407.4,0,0,0
819,apartment,apartment,1,41.88111466,-87.77592777,,426 S HUMPHREY AVE,0,312.0,0,0,1
820,apartment,apartment,1,41.88100155,-87.77600646,,428 S HUMPHREY AVE,0,277.1,0,1,1
821,apartment,apartment,1,41.88092132,-87.77529248,,16 N AUSTIN BLVD,1,199.5,1,1,1
822,apartment,apartment,1,41.88026849,-87.77590004,,26 MADISON ST,1,51.8,1,1,1
823,apartment,apartment,1,41.8803356,-87.77525508,,12 MADISON ST,1,26.1,1,1,1
824,apartment,apartment,1,41.88027869,-87.77518429,,8 MADISON ST,1,45.1,1,1,1
825,apartment,apartment,1,41.88033475,-87.77507963,,6 MADISON ST,1,72.5,1,1,1
826,apartment,apartment,1,41.88028219,-87.77499119,,4 MADISON ST,1,78.6,1,1,1
827,apartment,apartment,1,41.87939073,-87.78411735,,510 S RIDGELAND AVE 1,1,163.9,1,1,1
828,apartment,apartment,1,41.87929121,-87.7841233,,512 S RIDGELAND AVE,1,189.0,1,1,1
829,apartment,apartment,1,41.87919149,-87.78410917,,516 S RIDGELAND AVE,1,214.1,1,1,1
830,apartment,apartment,1,41.87908829,-87.78411994,,518 S RIDGELAND AVE,1,246.6,1,1,1
831,apartment,apartment,1,41.87899975,-87.7841207,,522 S RIDGELAND AVE,1,274.5,1,1,1
832,apartment,apartment,1,41.87890384,-87.78412662,,524 S RIDGELAND AVE,1,304.5,1,1,1
833,apartment,apartment,1,41.87880411,-87.78411249,,528 S RIDGELAND AVE 1,1,334.1,1,1,1
834,apartment,apartment,1,41.87871927,-87.78410842,,530 S RIDGELAND AVE,1,358.9,1,1,1
835,apartment,apartment,1,41.87863804,-87.78410911,,532 S RIDGELAND AVE,1,382.8,1,1,1
836,apartment,apartment,1,41.87853099,-87.78409024,,536 S RIDGELAND AVE,1,418.2,1,1,1
837,apartment,apartment,1,41.87842401,-87.78408606,,538 S RIDGELAND AVE,1,452.3,1,1,1
838,apartment,apartment,1,41.87833918,-87.78408679,,540 S RIDGELAND AVE,1,479.3,1,1,1
839,apartment,apartment,1,41.87820593,-87.78420223,,542 S RIDGELAND AVE 1,1,510.3,1,1,1
840,apartment,apartment,1,41.87911296,-87.78349491,,511 S CUYLER AVE,0,202.9,0,1,1
841,apartment,apartment,1,41.87898939,-87.78350324,,523 S CUYLER AVE,0,246.9,0,1,1
842,apartment,apartment,1,41.87889344,-87.78350406,,525 S CUYLER AVE 1,0,281.5,0,1,1
843,apartment,apartment,1,41.87880121,-87.78350485,,527 S CUYLER AVE 1,0,314.8,0,0,1
844,apartment,apartment,1,41.87861673,-87.78350644,,533 S CUYLER AVE,0,381.6,0,0,1
845,apartment,apartment,1,41.87851709,-87.7834875,,537 S CUYLER AVE 1,0,418.2,0,0,0
846,apartment,apartment,1,41.87842856,-87.78348826,,539 S CUYLER AVE 1ST,0,450.3,0,0,0
847,apartment,apartment,1,41.87832881,-87.78346933,,543 S CUYLER AVE,0,486.9,0,0,0
848,apartment,apartment,1,41.87822176,-87.78345046,,545 S CUYLER AVE,0,526.2,0,0,0
849,apartment,apartment,1,41.87953611,-87.78300585,,321 MADISON ST,1,138.6,1,1,1
850,apartment,apartment,1,41.87971867,-87.78247908,,309 MADISON ST,1,34.6,1,1,1
851,apartment,apartment,1,41.87943648,-87.78293293,,510 S CUYLER AVE,1,149.8,1,1,1
852,apartment,apartment,1,41.87841114,-87.78223035,,541 S HIGHLAND AVE 1,0,501.2,0,0,0
853,apartment,apartment,1,41.87872865,-87.78173093,,530 S HIGHLAND AVE,0,442.6,0,0,0
854,apartment,apartment,1,41.87876327,-87.78101839,,531 S HARVEY AVE,0,353.7,0,0,1
855,apartment,apartment,1,41.87869687,-87.78101896,,535 S HARVEY AVE,0,376.1,0,0,1
856,apartment,apartment,1,41.87943901,-87.77995549,,511 S LOMBARD AVE,1,69.1,1,1,1
857,apartment,apartment,1,41.87877853,-87.77986582,,531 S LOMBARD AVE,0,309.8,0,0,1
858,apartment,apartment,1,41.87865309,-87.77987679,,535 S LOMBARD AVE,0,354.6,0,0,1
859,apartment,apartment,1,41.87903822,-87.77802176,,522 S TAYLOR AVE,0,240.1,0,1,1
860,apartment,apartment,1,41.87981183,-87.77747681,,501 S LYMAN AVE,1,137.6,1,1,1
861,apartment,apartment,1,41.87975542,-87.77678766,,504 S LYMAN AVE,0,198.5,1,1,1
862,apartment,apartment,1,41.87834171,-87.77675135,,544 S LYMAN AVE,0,590.8,0,0,0
863,apartment,apartment,1,41.87952919,-87.77496493,,12 S AUSTIN BLVD,1,113.3,1,1,1
864,apartment,apartment,1,41.87943577,-87.77499358,,16 S AUSTIN BLVD,1,144.2,1,1,1
865,apartment,apartment,1,41.87933136,-87.77503508,,18 S AUSTIN BLVD 1,1,159.1,1,1,1
866,apartment,apartment,1,41.8791756,-87.77498394,,22 S AUSTIN BLVD,1,211.3,1,1,1
867,apartment,apartment,1,41.87908848,-87.77497224,,26 S AUSTIN BLVD,1,239.3,1,1,1
868,apartment,apartment,1,41.87875577,-87.77496585,,108 S AUSTIN BLVD,1,348.2,1,1,1
869,apartment,apartment,1,41.87866916,-87.77497125,,110 S AUSTIN BLVD,1,377.1,1,1,1
870,apartment,apartment,1,41.8785997,-87.77493937,,112 S AUSTIN BLVD,1,403.8,1,1,1
871,apartment,apartment,1,41.87851649,-87.77493082,,114 S AUSTIN BLVD 1,1,433.1,1,1,1
872,apartment,apartment,1,41.87836958,-87.77514493,,120 S AUSTIN BLVD,1,470.6,1,1,1
873,apartment,apartment,1,41.87798419,-87.7821606,,601 S HIGHLAND AVE,0,657.4,0,0,0
874,apartment,apartment,1,41.87738751,-87.78218252,,617 S HIGHLAND AVE,0,871.2,0,0,0
875,apartment,apartment,1,41.87729074,-87.78218335,,621 S HIGHLAND AVE 1,0,906.1,0,0,0
876,apartment,apartment,1,41.87800207,-87.78173704,,600 S HIGHLAND AVE,0,681.1,0,0,0
877,apartment,apartment,1,41.87745569,-87.7816377,,616 S HIGHLAND AVE,0,857.9,0,0,0
878,apartment,apartment,1,41.87710681,-87.78161792,,626 S HIGHLAND AVE,0,975.9,0,0,0
879,apartment,apartment,1,41.87687772,-87.78172113,,634 S HIGHLAND AVE,0,1063.8,0,0,0
880,apartment,apartment,1,41.87645953,-87.78162918,,648 S HIGHLAND AVE,0,1202.9,0,0,0
881,apartment,apartment,1,41.87675374,-87.78162665,,636 S HIGHLAND AVE,0,1099.4,0,0,0
882,apartment,apartment,1,41.87759025,-87.78049104,,612 S HARVEY AVE,0,749.6,0,0,0
883,apartment,apartment,1,41.87748556,-87.77981857,,617 S LOMBARD AVE,0,779.3,0,0,0
884,apartment,apartment,1,41.87801255,-87.77920483,,600 S LOMBARD AVE,0,626.6,0,0,0
885,apartment,apartment,1,41.87659372,-87.77913514,,642 S LOMBARD AVE,0,1128.2,0,0,0
886,apartment,apartment,1,41.87650862,-87.77919746,,644 S LOMBARD AVE,0,1155.0,0,0,0
887,apartment,apartment,1,41.87682424,-87.77794164,,636 S TAYLOR AVE,0,1045.5,0,0,0
888,apartment,apartment,1,41.87660476,-87.77791292,,644 S TAYLOR AVE 1,0,1125.4,0,0,0
889,apartment,apartment,1,41.87651759,-87.77791368,,648 S TAYLOR AVE 1,0,1157.1,0,0,0
890,apartment,apartment,1,41.87811318,-87.77492682,,128 S AUSTIN BLVD,1,574.3,1,1,1
891,apartment,apartment,1,41.87803351,-87.77493215,,130 S AUSTIN BLVD,1,602.1,1,1,1
892,apartment,apartment,1,41.87797571,-87.77484474,,132 S AUSTIN BLVD,1,628.3,1,1,1
893,apartment,apartment,1,41.87787062,-87.77492893,,136 S AUSTIN BLVD,1,660.1,1,1,1
894,apartment,apartment,1,41.87779447,-87.77494815,,138 S AUSTIN BLVD 1,1,686.2,1,1,1
895,apartment,apartment,1,41.87770445,-87.77496286,,140 S AUSTIN BLVD,1,717.6,1,1,1
896,apartment,apartment,1,41.87760382,-87.7749359,,142 S AUSTIN BLVD 1,1,754.9,1,1,1
897,apartment,apartment,1,41.8774983,-87.77491914,,204 S AUSTIN BLVD 2,1,793.5,1,1,1
898,apartment,apartment,1,41.87737493,-87.77494615,,208 S AUSTIN BLVD,1,836.5,1,1,1
899,apartment,apartment,1,41.87698967,-87.77489439,,220 S AUSTIN BLVD,1,977.2,1,1,1
900,apartment,apartment,1,41.87527059,-87.78214333,,727 S HIGHLAND AVE,0,954.2,0,0,0
901,apartment,apartment,1,41.875183,-87.7821258,,729 S HIGHLAND AVE,0,927.0,0,0,0
902,apartment,apartment,1,41.87460774,-87.78277982,,744 S CUYLER AVE,0,667.4,0,0,0
903,apartment,apartment,1,41.87585107,-87.78163102,,710 S HIGHLAND AVE,0,1200.0,0,0,0
904,apartment,apartment,1,41.8756993,-87.781588,,714 S HIGHLAND AVE,0,1143.8,0,0,0
905,apartment,apartment,1,41.87496297,-87.78160874,,736 S HIGHLAND AVE,0,878.8,0,0,0
906,apartment,apartment,1,41.87571912,-87.78091335,,717 S HARVEY AVE,0,1145.2,0,0,0
907,apartment,apartment,1,41.87552155,-87.78090936,,721 S HARVEY AVE,0,1073.5,0,0,0
908,apartment,apartment,1,41.87597061,-87.78037908,,710 S HARVEY AVE,0,1244.4,0,0,0
909,apartment,apartment,1,41.87573133,-87.77795339,,716 S TAYLOR AVE,0,1262.1,0,0,0
910,apartment,apartment,1,41.87586527,-87.77664309,,712 S LYMAN AVE,0,1142.2,0,0,0
911,apartment,apartment,1,41.8755001,-87.77542523,,724 S HUMPHREY AVE 1,0,920.9,0,0,0
912,apartment,apartment,1,41.87626059,-87.77482627,,300 S AUSTIN BLVD,1,1188.5,1,1,1
913,apartment,apartment,1,41.87611518,-87.7748016,,306 S AUSTIN BLVD,1,1135.7,1,1,1
914,apartment,apartment,1,41.87599121,-87.77481579,,310 S AUSTIN BLVD,1,1090.5,1,1,1
915,apartment,apartment,1,41.87587251,-87.77476274,,314 S AUSTIN BLVD,1,1047.9,1,1,1
916,apartment,apartment,1,41.87569549,-87.7747583,,318 S AUSTIN BLVD,1,983.6,1,1,1
917,apartment,apartment,1,41.87561079,-87.77476584,,322 S AUSTIN BLVD,1,952.7,1,1,1
918,apartment,apartment,1,41.87544076,-87.77475417,,326 S AUSTIN BLVD,1,891.0,1,1,1
919,apartment,apartment,1,41.87471748,-87.77483087,,336 S AUSTIN BLVD,1,627.0,1,1,1
920,apartment,apartment,1,41.87413037,-87.78404539,,806 S RIDGELAND AVE,1,470.7,1,1,1
921,apartment,apartment,1,41.87275382,-87.78385806,,350 HARRISON ST,1,53.3,1,1,1
922,apartment,apartment,1,41.87276263,-87.78337322,,334 HARRISON ST,0,17.7,1,1,1
923,apartment,apartment,1,41.87286431,-87.78271907,,842 S CUYLER AVE 12,0,198.5,1,1,1
924,apartment,apartment,1,41.87435784,-87.78213221,,801 S HIGHLAND AVE,0,664.0,0,0,0
925,apartment,apartment,1,41.87279801,-87.7815352,,844 S HIGHLAND AVE,0,138.9,1,1,1
926,apartment,apartment,1,41.87422576,-87.78086733,,805 S HARVEY AVE,0,604.1,0,0,0
927,apartment,apartment,1,41.87375072,-87.78086003,,819 S HARVEY AVE,0,433.1,0,0,0
928,apartment,apartment,1,41.87425523,-87.78028734,,804 S HARVEY AVE,0,622.6,0,0,0
929,apartment,apartment,1,41.87279797,-87.78039689,,226 HARRISON ST,0,116.0,1,1,1
930,apartment,apartment,1,41.87385784,-87.77970535,,817 S LOMBARD AVE,0,470.0,0,0,0
931,apartment,apartment,1,41.87352732,-87.77966367,,825 S LOMBARD AVE,0,352.2,0,0,1
932,apartment,apartment,1,41.8728187,-87.77990503,,210 W HARRISON ST,0,89.9,1,1,1
933,apartment,apartment,1,41.87284855,-87.77905334,,146 HARRISON ST,0,206.8,0,1,1
934,apartment,apartment,1,41.87283557,-87.7789682,,144 HARRISON ST,0,215.5,0,1,1
935,apartment,apartment,1,41.8728852,-87.77878285,,140 HARRISON ST,0,261.4,0,1,1
936,apartment,apartment,1,41.87366412,-87.77837097,,821 S TAYLOR AVE,0,556.5,0,0,0
937,apartment,apartment,1,41.8728471,-87.77825673,,126 HARRISON ST,0,366.2,0,0,1
938,apartment,apartment,1,41.87311882,-87.77713298,,839 S LYMAN AVE,0,597.4,0,0,0
939,apartment,apartment,1,41.87302422,-87.77712997,,841 S LYMAN AVE,0,595.0,0,0,0
940,apartment,apartment,1,41.87285241,-87.77734469,,108 W HARRISON ST,0,595.0,0,0,0
941,apartment,apartment,1,41.87293535,-87.7770683,,845 S LYMAN AVE,0,578.6,0,0,0
942,apartment,apartment,1,41.87289147,-87.77650743,,40 HARRISON ST,0,427.9,0,0,0
943,apartment,apartment,1,41.87288428,-87.77535305,,844 S HUMPHREY AVE,1,120.5,1,1,1
944,apartment,apartment,1,41.87446318,-87.77471403,,404 S AUSTIN BLVD,1,537.2,1,1,1
945,apartment,apartment,1,41.87408721,-87.77469603,,412 S AUSTIN BLVD,1,402.2,1,1,1
946,apartment,apartment,1,41.87382048,-87.77475719,,420 S AUSTIN BLVD 01,1,303.7,1,1,1
947,apartment,apartment,1,41.87321337,-87.77473876,,514 S AUSTIN BLVD,1,95.1,1,1,1
948,apartment,apartment,1,41.87247083,-87.78340677,,331 HARRISON ST,0,106.1,1,1,1
949,apartment,apartment,1,41.87242807,-87.78321789,,327 HARRISON ST,0,135.3,1,1,1
950,apartment,apartment,1,41.87252129,-87.7837301,,339 HARRISON ST,1,95.0,1,1,1
951,apartment,apartment,1,41.87247172,-87.78359248,,335 W HARRISON ST,1,113.4,1,1,1
952,apartment,apartment,1,41.87246826,-87.78284464,,321 HARRISON ST,0,193.1,1,1,1
953,apartment,apartment,1,41.87251634,-87.78253056,,315 HARRISON ST,0,261.7,0,1,1
954,apartment,apartment,1,41.87247995,-87.78229709,,309 HARRISON ST,0,321.5,0,0,1
955,apartment,apartment,1,41.872513,-87.78225628,,307 HARRISON ST,0,309.4,0,0,1
956,apartment,apartment,1,41.87237034,-87.78194288,,301 HARRISON ST,0,235.8,0,1,1
957,apartment,apartment,1,41.87254086,-87.78092945,,235 HARRISON ST,0,26.0,1,1,1
958,apartment,apartment,1,41.87255005,-87.78084346,,231 HARRISON ST,0,47.6,1,1,1
959,apartment,apartment,1,41.87248436,-87.78059202,,225 HARRISON ST,0,50.3,1,1,1
960,apartment,apartment,1,41.87194684,-87.78110275,,238 FLOURNOY ST 1,0,201.3,0,1,1
961,apartment,apartment,1,41.87201222,-87.78071387,,230 FLOURNOY ST 1,0,189.3,1,1,1
962,apartment,apartment,1,41.87199891,-87.78056767,,226 FLOURNOY ST 1,0,180.2,1,1,1
963,apartment,apartment,1,41.87241286,-87.77955563,,905 S LOMBARD AVE,0,37.8,1,1,1
964,apartment,apartment,1,41.87189196,-87.7797148,,919 S LOMBARD AVE,0,185.5,1,1,1
965,apartment,apartment,1,41.87253918,-87.78150325,,900 S HIGHLAND AVE,0,105.3,1,1,1
966,apartment,apartment,1,41.87258189,-87.77913141,,149 HARRISON ST,0,116.3,1,1,1
967,apartment,apartment,1,41.87235278,-87.77913658,,908 S LOMBARD AVE,0,81.5,1,1,1
968,apartment,apartment,1,41.87258548,-87.7788949,,147 HARRISON ST 1E,0,168.8,1,1,1
969,apartment,apartment,1,41.87259034,-87.77880603,,141 HARRISON ST,0,190.9,1,1,1
970,apartment,apartment,1,41.87237597,-87.77868802,,137 HARRISON ST,0,203.2,0,1,1
971,apartment,apartment,1,41.87201614,-87.77908134,,916 S LOMBARD AVE,0,157.4,1,1,1
972,apartment,apartment,1,41.87257922,-87.7776011,,117 HARRISON ST,0,504.1,0,0,0
973,apartment,apartment,1,41.87257932,-87.77741557,,111 HARRISON ST,0,553.8,0,0,0
974,apartment,apartment,1,41.87257973,-87.77723021,,107 HARRISON ST 107B,0,603.6,0,0,0
975,apartment,apartment,1,41.87257963,-87.77700775,,101 HARRISON ST,0,581.9,0,0,0
976,apartment,apartment,1,41.8725924,-87.77787613,,900 TAYLOR,0,431.6,0,0,0
977,apartment,apartment,1,41.87263514,-87.77654665,,45 HARRISON ST,0,456.2,0,0,0
978,apartment,apartment,1,41.87258804,-87.77622884,,37 HARRISON ST,0,380.9,0,0,1
979,apartment,apartment,1,41.8726389,-87.77577806,,27 HARRISON ST,0,263.0,0,1,1
980,apartment,apartment,1,41.8726141,-87.77532045,,21 HARRISON ST,0,141.8,1,1,1
981,apartment,apartment,1,41.87262983,-87.77505098,,11 HARRISON ST,1,78.7,1,1,1
982,apartment,apartment,1,41.87255808,-87.7749528,,9 HARRISON ST 2S,0,41.9,1,1,1
983,apartment,apartment,1,41.87208318,-87.77470504,,618 S AUSTIN BLVD,1,154.2,1,1,1
984,apartment,apartment,1,41.87186899,-87.7748299,,632 S AUSTIN BLVD,1,229.0,1,1,1
985,apartment,apartment,1,41.86920679,-87.77953629,,206 HARVARD ST,0,1147.3,0,0,0
986,apartment,apartment,1,41.87033332,-87.77730759,,111 GARFIELD ST,1,936.0,1,1,1
987,apartment,apartment,1,41.87036208,-87.77655215,,47 GARFIELD ST,1,908.0,1,1,1
988,apartment,apartment,1,41.87022563,-87.77629503,,41 GARFIELD ST,1,918.5,1,1,1
989,apartment,apartment,1,41.87033374,-87.77617958,,39 GARFIELD ST,1,869.6,1,1,1
990,apartment,apartment,1,41.87040745,-87.77585227,,1001 S HUMPHREY AVE,1,810.7,1,1,1
991,apartment,apartment,1,41.87032912,-87.77584933,,1005 S HUMPHREY AVE,1,837.2,1,1,1
992,apartment,apartment,1,41.87023459,-87.77584654,,1007 S HUMPHREY AVE,1,869.5,1,1,1
993,apartment,apartment,1,41.87014816,-87.77584368,,1011 S HUMPHREY AVE 1,1,899.1,1,1,1
994,apartment,apartment,1,41.8699917,-87.7758125,,1019 S HUMPHREY AVE,0,951.0,0,0,0
995,apartment,apartment,1,41.86971749,-87.77578201,,1027 S HUMPHREY AVE,0,1045.1,0,0,0
996,apartment,apartment,1,41.87035758,-87.77537807,,1016 S HUMPHREY AVE,1,793.6,1,1,1
997,apartment,apartment,1,41.87037857,-87.77516195,,17 GARFIELD ST 1E,1,777.0,1,1,1
998,apartment,apartment,1,41.87036381,-87.77498744,,13 GARFIELD ST,1,778.1,1,1,1
999,apartment,apartment,1,41.87035352,-87.77485435,,7 GARFIELD ST,1,780.6,1,1,1
1000,apartment,apartment,1,41.8698502,-87.77523337,,1022 S HUMPHREY AVE,1,970.3,1,1,1
1001,apartment,apartment,1,41.86989847,-87.77474119,,814 S AUSTIN BLVD,1,946.5,1,1,1
1002,apartment,apartment,1,41.86961045,-87.77462041,,822 S AUSTIN BLVD,1,1052.5,1,1,1
1003,apartment,apartment,1,41.86923481,-87.77460231,,834 S AUSTIN BLVD,1,1189.3,1,1,1
1004,apartment,apartment,1,41.87003956,-87.77454713,,810 S AUSTIN BLVD,1,897.9,1,1,1
1005,apartment,apartment,1,41.868546,-87.78189245,,1111 S HIGHLAND AVE,0,1075.9,0,0,0
1006,apartment,apartment,1,41.86765487,-87.78187745,,1137 S HIGHLAND AVE,0,751.5,0,0,0
1007,apartment,apartment,1,41.8675455,-87.78132402,,1140 S HIGHLAND AVE,0,718.0,0,0,0
1008,apartment,apartment,1,41.86745469,-87.78061883,,1141 S HARVEY AVE 2,0,661.9,0,0,0
1009,apartment,apartment,1,41.86892959,-87.7789011,,1100 S LOMBARD AVE,0,1208.6,0,0,0
1010,apartment,apartment,1,41.86824336,-87.77883834,,1120 S LOMBARD AVE,0,958.4,0,0,0
1011,apartment,apartment,1,41.86817032,-87.77881367,,1122 S LOMBARD AVE,0,931.3,0,0,0
1012,apartment,apartment,1,41.86809741,-87.7788143,,1124 S LOMBARD AVE,0,904.9,0,0,0
1013,apartment,apartment,1,41.86802191,-87.77883664,,1126 S LOMBARD AVE,0,878.3,0,0,0
1014,apartment,apartment,1,41.86793278,-87.7788338,,1130 S LOMBARD AVE,0,846.0,0,0,0
1015,apartment,apartment,1,41.86784633,-87.77882732,,1132 S LOMBARD AVE,0,814.6,0,0,0
1016,apartment,apartment,1,41.86763021,-87.7788111,,1138 S LOMBARD AVE 1,0,736.1,0,0,0
1017,apartment,apartment,1,41.86851869,-87.7782539,,1113 S TAYLOR AVE,0,1053.6,0,0,0
1018,apartment,apartment,1,41.86823765,-87.77821657,,1121 S TAYLOR AVE,0,952.1,0,0,0
1019,apartment,apartment,1,41.86819688,-87.77698007,,1123 S LYMAN AVE,0,928.9,0,0,0
1020,apartment,apartment,1,41.86842253,-87.77575148,,1117 S HUMPHREY AVE 2,0,1012.2,0,0,0
1021,apartment,apartment,1,41.86772665,-87.77517419,,1136 S HUMPHREY AVE,1,813.7,1,1,1
1022,apartment,apartment,1,41.86859041,-87.77444609,,914 S AUSTIN BLVD,1,1182.3,1,1,1
1023,apartment,apartment,1,41.86823395,-87.77443416,,924 S AUSTIN BLVD,1,1066.4,1,1,1
1024,apartment,apartment,1,41.86785491,-87.77468496,,1000 S AUSTIN BLVD,1,912.6,1,1,1
1025,apartment,apartment,1,41.86762134,-87.77452626,,1008 S AUSTIN BLVD,1,859.7,1,1,1
1026,apartment,apartment,1,41.86755129,-87.77451535,,1010 S AUSTIN BLVD,1,839.9,1,1,1
1027,apartment,apartment,1,41.86544193,-87.78351421,,6340 ROOSEVELT RD,1,85.1,1,1,1
1028,apartment,apartment,1,41.86562707,-87.78320065,,6332 ROOSEVELT RD,1,73.7,1,1,1
1029,apartment,apartment,1,41.86605564,-87.78247047,,1178 S CUYLER AVE,0,210.5,0,1,1
1030,apartment,apartment,1,41.86685055,-87.78006791,,1158 S HARVEY AVE,0,460.1,0,0,0
1031,apartment,apartment,1,41.86627302,-87.77939044,,1173 S LOMBARD AVE,0,242.0,0,1,1
1032,apartment,apartment,1,41.86551684,-87.78000591,,6222 ROOSEVELT RD,1,50.6,1,1,1
1033,apartment,apartment,1,41.86553576,-87.77993052,,6216 ROOSEVELT RD,1,29.9,1,1,1
1034,apartment,apartment,1,41.86554856,-87.77930546,,6200 ROOSEVELT RD,1,67.3,1,1,1
1035,apartment,apartment,1,41.86562481,-87.77861517,,6140 ROOSEVELT RD,1,40.2,1,1,1
1036,apartment,apartment,1,41.86577075,-87.77795925,,6126 ROOSEVELT RD,1,139.7,1,1,1
1037,apartment,apartment,1,41.86668229,-87.77690603,,1163 S LYMAN AVE,0,389.6,0,0,1
1038,apartment,apartment,1,41.86644462,-87.77690086,,1171 S LYMAN AVE,0,309.7,0,0,1
1039,apartment,apartment,1,41.86557125,-87.77746367,,6120 W ROOSEVELT RD,1,264.7,1,1,1
1040,apartment,apartment,1,41.86557342,-87.77738285,,6114 ROOSEVELT RD,1,271.6,1,1,1
1041,apartment,apartment,1,41.86557021,-87.77727804,,6112 ROOSEVELT RD,1,243.8,1,1,1
1042,apartment,apartment,1,41.86558056,-87.77718396,,6110 ROOSEVELT RD,1,218.0,1,1,1
1043,apartment,apartment,1,41.86559897,-87.77708258,,6108 ROOSEVELT RD,1,189.8,1,1,1
1044,apartment,apartment,1,41.86705232,-87.77636139,,1152 S LYMAN AVE 3,0,498.5,0,0,0
1045,apartment,apartment,1,41.86697077,-87.77569329,,1155 S HUMPHREY AVE,0,505.5,0,0,0
1046,apartment,apartment,1,41.8666358,-87.77567089,,1165 S HUMPHREY AVE,0,397.7,0,0,1
1047,apartment,apartment,1,41.8661388,-87.77564991,,1179 S HUMPHREY AVE,0,242.5,0,1,1
1048,apartment,apartment,1,41.8656196,-87.776128,,6040 ROOSEVELT RD,1,22.5,1,1,1
1049,apartment,apartment,1,41.86564762,-87.77578071,,6032 ROOSEVELT RD,1,117.1,1,1,1
1050,apartment,apartment,1,41.86564711,-87.77567587,,6030 ROOSEVELT RD,1,145.4,1,1,1
1051,apartment,apartment,1,41.86561409,-87.77554963,,6026 ROOSEVELT RD,1,179.3,1,1,1
1052,apartment,apartment,1,41.8665333,-87.77569709,,1167 S HUMPHREY AVE,0,360.4,0,0,1
1053,apartment,apartment,1,41.86692107,-87.77448858,,1028 S AUSTIN BLVD 1,1,665.0,1,1,1
1054,apartment,apartment,1,41.86679469,-87.77447013,,1032 S AUSTIN BLVD,1,636.7,1,1,1
1055,apartment,apartment,1,41.86651907,-87.77443466,,1106 S AUSTIN BLVD,1,582.1,1,1,1
1056,apartment,apartment,1,41.86644615,-87.7744353,,1108 S AUSTIN BLVD,1,567.5,1,1,1
1057,apartment,apartment,1,41.86635502,-87.77444565,,1110 S AUSTIN BLVD,1,548.2,1,1,1
1058,apartment,apartment,1,41.8662371,-87.77435537,,1114 S AUSTIN BLVD,1,550.8,1,1,1
1059,apartment,apartment,1,41.86613241,-87.77445736,,1126 S AUSTIN BLVD,1,510.5,1,1,1
1060,apartment,apartment,1,41.87941751,-87.80453569,,1147 MADISON ST,1,226.9,1,1,1
1061,apartment,apartment,1,41.87935421,-87.80214802,,1049 MADISON ST,1,190.9,1,1,1
1062,apartment,apartment,1,41.87952253,-87.8004265,,1011 MADISON ST,1,38.7,1,1,1
1063,apartment,apartment,1,41.87952508,-87.80031872,,1007 MADISON ST,1,67.9,1,1,1
1064,apartment,apartment,1,41.87952912,-87.80010079,,1001 MADISON ST,1,127.0,1,1,1
1065,apartment,apartment,1,41.87954223,-87.79853589,,500 MADISON ST,1,196.5,1,1,1
1066,apartment,apartment,1,41.87916353,-87.79650368,,515 CARPENTER AVE,1,139.4,1,1,1
1067,apartment,apartment,1,41.87880738,-87.79452231,,523 S OAK PARK AVE,1,254.9,1,1,1
1068,apartment,apartment,1,41.87849031,-87.79455966,,529 S OAK PARK AVE,1,365.6,1,1,1
1069,apartment,apartment,1,41.87707109,-87.80406008,,631 S MAPLE AVE,0,322.3,0,0,1
1070,apartment,apartment,1,41.87692308,-87.80407114,,633 S MAPLE AVE,0,269.3,0,1,1
1071,apartment,apartment,1,41.87630402,-87.80403013,,713 S MAPLE AVE,1,87.1,1,1,1
1072,apartment,apartment,1,41.87723551,-87.80257232,,625 WISCONSIN AVE,0,231.1,0,1,1
1073,apartment,apartment,1,41.87709951,-87.80257344,,629 WISCONSIN AVE,0,272.9,0,1,1
1074,apartment,apartment,1,41.87714181,-87.80065658,,630 WENONAH AVE,0,689.2,0,0,0
1075,apartment,apartment,1,41.87752476,-87.79508353,,608 S GROVE AVE,0,722.3,0,0,0
1076,apartment,apartment,1,41.87779874,-87.79449846,,601 S OAK PARK AVE,1,606.0,1,1,1
1077,apartment,apartment,1,41.87649185,-87.80337529,,706 S MAPLE AVE 1,0,277.2,0,1,1
1078,apartment,apartment,1,41.87618721,-87.80191101,,714 WISCONSIN AVE,0,650.4,0,0,0
1079,apartment,apartment,1,41.8766777,-87.80133336,,701 WENONAH AVE,0,611.1,0,0,0
1080,apartment,apartment,1,41.8757317,-87.7960105,,730 CARPENTER AVE,0,810.7,0,0,0
1081,apartment,apartment,1,41.87568799,-87.79504566,,708 S GROVE AVE,0,690.5,0,0,0
1082,apartment,apartment,1,41.87556261,-87.79504671,,716 S GROVE AVE,0,646.5,0,0,0
1083,apartment,apartment,1,41.87473836,-87.79501496,,738 S GROVE AVE,0,362.5,0,0,1
1084,apartment,apartment,1,41.87555973,-87.79443431,,713 S OAK PARK AVE,1,583.3,1,1,1
1085,apartment,apartment,1,41.87529746,-87.79437716,,721 S OAK PARK AVE,1,487.6,1,1,1
1086,apartment,apartment,1,41.87516837,-87.79437825,,725 S OAK PARK AVE,1,443.2,1,1,1
1087,apartment,apartment,1,41.87459671,-87.79438962,,741 S OAK PARK AVE,1,259.3,1,1,1
1088,apartment,apartment,1,41.87445454,-87.79442628,,745 S OAK PARK AVE,1,219.5,1,1,1
1089,apartment,apartment,1,41.87480655,-87.80336562,,812 S MAPLE AVE,0,572.3,0,0,0
1090,apartment,apartment,1,41.87451722,-87.80335236,,820 S MAPLE AVE,0,657.9,0,0,0
1091,apartment,apartment,1,41.87439737,-87.80334162,,822 S MAPLE AVE,0,616.6,0,0,0
1092,apartment,apartment,1,41.87410216,-87.80332059,,832 S MAPLE AVE 2N,0,516.1,0,0,0
1093,apartment,apartment,1,41.87524539,-87.80187105,,800 WISCONSIN AVE,0,751.4,0,0,0
1094,apartment,apartment,1,41.87525283,-87.80002062,,801 HOME AVE,0,1183.0,0,0,0
1095,apartment,apartment,1,41.87535229,-87.79634766,,801 CARPENTER AVE,0,758.3,0,0,0
1096,apartment,apartment,1,41.87507197,-87.79635,,809 CARPENTER AVE,0,689.0,0,0,0
1097,apartment,apartment,1,41.87451988,-87.79632235,,825 CARPENTER AVE,0,573.3,0,0,0
1098,apartment,apartment,1,41.87424241,-87.79630779,,833 CARPENTER AVE,0,534.5,0,0,0
1099,apartment,apartment,1,41.8751079,-87.7959714,,808 CARPENTER AVE,0,623.6,0,0,0
1100,apartment,apartment,1,41.87494023,-87.79596658,,812 CARPENTER AVE,0,579.4,0,0,0
1101,apartment,apartment,1,41.87432034,-87.7955376,,831 S GROVE AVE,0,350.8,0,0,1
1102,apartment,apartment,1,41.873082,-87.79548926,,830 HARRISON ST,0,326.0,0,0,1
1103,apartment,apartment,1,41.87298611,-87.79472389,,812 HARRISON ST,0,157.7,1,1,1
1104,apartment,apartment,1,41.87370155,-87.7942315,,813 S OAK PARK AVE,1,72.3,1,1,1
1105,apartment,apartment,1,41.87362061,-87.79423286,,823 S OAK PARK AVE,1,96.4,1,1,1
1106,apartment,apartment,1,41.87295471,-87.79432729,,841 S OAK PARK AVE,1,100.1,1,1,1
1107,apartment,apartment,1,41.87415364,-87.79421453,,801 VAN BUREN ST,1,116.6,1,1,1
1108,apartment,apartment,1,41.87917021,-87.79390386,,512 S OAK PARK AVE,1,98.8,1,1,1
1109,apartment,apartment,1,41.87887724,-87.79395385,,520 S OAK PARK AVE,1,205.7,1,1,1
1110,apartment,apartment,1,41.87919534,-87.79333842,,515 S EUCLID AVE,1,105.2,1,1,1
1111,apartment,apartment,1,41.87910304,-87.79332451,,517 S EUCLID AVE,1,136.0,1,1,1
1112,apartment,apartment,1,41.87951821,-87.79161289,,649 MADISON ST,1,117.2,1,1,1
1113,apartment,apartment,1,41.8795557,-87.79136153,,641 MADISON ST,1,51.3,1,1,1
1114,apartment,apartment,1,41.87962809,-87.79101636,,633 MADISON ST,1,30.4,1,1,1
1115,apartment,apartment,1,41.87955978,-87.79023444,,617 MADISON ST,1,26.0,1,1,1
1116,apartment,apartment,1,41.8796159,-87.78960652,,603 MADISON ST,1,33.5,1,1,1
1117,apartment,apartment,1,41.8784762,-87.78958936,,535 S EAST AVE,0,416.8,0,0,0
1118,apartment,apartment,1,41.87846094,-87.78902939,,534 S EAST AVE,0,333.1,0,0,1
1119,apartment,apartment,1,41.87887095,-87.788349,,525 S SCOVILLE AVE,0,236.0,0,1,1
1120,apartment,apartment,1,41.87940162,-87.78920163,,508 S EAST AVE,1,73.5,1,1,1
1121,apartment,apartment,1,41.87971227,-87.78758653,,513 MADISON ST,1,46.1,1,1,1
1122,apartment,apartment,1,41.87972312,-87.78705711,,501 MADISON ST,1,93.2,1,1,1
1123,apartment,apartment,1,41.87865226,-87.78775567,,530 S SCOVILLE AVE,0,92.9,1,1,1
1124,apartment,apartment,1,41.87826774,-87.78713722,,543 GUNDERSON AVE 2,0,173.7,1,1,1
1125,apartment,apartment,1,41.87939667,-87.78780584,,508 S SCOVILLE AVE 1,1,83.6,1,1,1
1126,apartment,apartment,1,41.87964626,-87.78664426,,435 MADISON ST,1,159.2,1,1,1
1127,apartment,apartment,1,41.8797321,-87.78643022,,435 MADISON ST,1,101.1,1,1,1
1128,apartment,apartment,1,41.87780824,-87.79384307,,600 S OAK PARK AVE,1,590.7,1,1,1
1129,apartment,apartment,1,41.87767208,-87.79387329,,604 S OAK PARK AVE 1,1,640.4,1,1,1
1130,apartment,apartment,1,41.87780632,-87.79264068,,600 S EUCLID AVE,0,642.4,0,0,0
1131,apartment,apartment,1,41.87626846,-87.79261378,,646 S EUCLID AVE,0,880.2,0,0,0
1132,apartment,apartment,1,41.87787734,-87.7894774,,603 S EAST AVE,0,459.9,0,0,0
1133,apartment,apartment,1,41.87638693,-87.78906082,,644 S EAST AVE,0,744.1,0,0,0
1134,apartment,apartment,1,41.87763327,-87.78777071,,608 S SCOVILLE AVE,0,214.2,0,1,1
1135,apartment,apartment,1,41.87737243,-87.78712931,,619 GUNDERSON AVE,0,364.0,0,0,1
1136,apartment,apartment,1,41.87651865,-87.78701278,,502 JACKSON BLVD,0,658.7,0,0,0
1137,apartment,apartment,1,41.87483213,-87.79377517,,736 S OAK PARK AVE,1,294.6,1,1,1
1138,apartment,apartment,1,41.87443364,-87.79370533,,746 S OAK PARK AVE,1,152.6,1,1,1
1139,apartment,apartment,1,41.87448498,-87.79310704,,745 S EUCLID AVE,0,256.3,0,1,1
1140,apartment,apartment,1,41.8747709,-87.79249309,,736 S EUCLID AVE,0,451.2,0,0,0
1141,apartment,apartment,1,41.87491811,-87.79072627,,735 CLARENCE AVE,0,826.5,0,0,0
1142,apartment,apartment,1,41.87477218,-87.79067323,,737 CLARENCE AVE,0,771.8,0,0,0
1143,apartment,apartment,1,41.87448011,-87.79082371,,741 CLARENCE AVE,0,693.2,0,0,0
1144,apartment,apartment,1,41.87537178,-87.78949585,,721 S EAST AVE,0,933.2,0,0,0
1145,apartment,apartment,1,41.87580296,-87.78826427,,709 S SCOVILLE AVE,0,886.9,0,0,0
1146,apartment,apartment,1,41.87609041,-87.78706806,,701 GUNDERSON AVE 1,0,802.9,0,0,0
1147,apartment,apartment,1,41.87471633,-87.78701652,,741 GUNDERSON AVE,0,985.3,0,0,0
1148,apartment,apartment,1,41.87458615,-87.78702872,,743 GUNDERSON AVE 1ST,0,950.1,0,0,0
1149,apartment,apartment,1,41.87378375,-87.79377833,,810 S OAK PARK AVE,1,73.3,1,1,1
1150,apartment,apartment,1,41.87413515,-87.79309409,,801 S EUCLID AVE,0,201.2,0,1,1
1151,apartment,apartment,1,41.87375733,-87.79309988,,813 S EUCLID AVE,0,210.4,0,1,1
1152,apartment,apartment,1,41.87365646,-87.79310073,,815 S EUCLID AVE,0,188.8,1,1,1
1153,apartment,apartment,1,41.87357655,-87.79309015,,819 S EUCLID AVE,0,178.2,1,1,1
1154,apartment,apartment,1,41.87348826,-87.79308527,,821 S EUCLID AVE,0,169.8,1,1,1
1155,apartment,apartment,1,41.87339159,-87.79308608,,823 S EUCLID AVE,0,165.6,1,1,1
1156,apartment,apartment,1,41.87330333,-87.79308682,,827 S EUCLID AVE 1,0,168.3,1,1,1
1157,apartment,apartment,1,41.87320503,-87.79296944,,829 S EUCLID AVE,0,197.4,1,1,1
1158,apartment,apartment,1,41.8741786,-87.79252717,,800 S EUCLID AVE,0,355.2,0,0,1
1159,apartment,apartment,1,41.87406625,-87.7925313,,804 S EUCLID AVE,0,349.9,0,0,1
1160,apartment,apartment,1,41.87417397,-87.79193214,,801 WESLEY AVE,0,503.2,0,0,0
1161,apartment,apartment,1,41.87290483,-87.79099872,,642 HARRISON ST,0,365.2,0,0,1
1162,apartment,apartment,1,41.87266713,-87.79051101,,628 HARRISON,0,253.1,0,1,1
1163,apartment,apartment,1,41.87268567,-87.78926261,,847 S EAST AVE,0,101.0,1,1,1
1164,apartment,apartment,1,41.87292306,-87.78992676,,912 HARRISON,0,98.6,1,1,1
1165,apartment,apartment,1,41.87266911,-87.78818205,,845 S SCOVILLE AVE,0,386.7,0,0,1
1166,apartment,apartment,1,41.87390799,-87.7870095,,811 GUNDERSON AVE,0,807.1,0,0,0
1167,apartment,apartment,1,41.87379876,-87.78701043,,815 GUNDERSON AVE,0,788.0,0,0,0
1168,apartment,apartment,1,41.87369788,-87.78701129,,817 GUNDERSON AVE,0,771.7,0,0,0
1169,apartment,apartment,1,41.87285181,-87.78746398,,516 HARRISON ST,0,578.1,0,0,0
1170,apartment,apartment,1,41.87283524,-87.78724987,,512 HARRISON ST,0,636.0,0,0,0
1171,apartment,apartment,1,41.8715879,-87.80331073,,916 S MAPLE AVE 1ST,0,215.5,0,1,1
1172,apartment,apartment,1,41.87216848,-87.80140003,,1045 GARFIELD ST,1,33.9,1,1,1
1173,apartment,apartment,1,41.87180162,-87.8009469,,913 WENONAH AVE,1,211.9,1,1,1
1174,apartment,apartment,1,41.8717089,-87.80094767,,917 WENONAH AVE,0,236.1,0,1,1
1175,apartment,apartment,1,41.87064241,-87.80089962,,947 WENONAH AVE,0,583.0,0,0,0
1176,apartment,apartment,1,41.87155894,-87.7994987,,921 HOME AVE,0,366.1,0,0,1
1177,apartment,apartment,1,41.87072246,-87.79950885,,947 HOME AVE,0,611.1,0,0,0
1178,apartment,apartment,1,41.87223834,-87.79938214,,1001 GARFIELD ST,1,246.5,1,1,1
1179,apartment,apartment,1,41.8719848,-87.79905299,,951 GARFIELD ST,1,177.9,1,1,1
1180,apartment,apartment,1,41.87208939,-87.79830696,,901 CLINTON AVE,1,63.9,1,1,1
1181,apartment,apartment,1,41.87224353,-87.79749998,,921 GARFIELD ST,1,263.9,1,1,1
1182,apartment,apartment,1,41.8720588,-87.79561734,,901 S GROVE AVE,1,144.9,1,1,1
1183,apartment,apartment,1,41.87099744,-87.79557261,,937 S GROVE AVE,0,305.9,0,0,1
1184,apartment,apartment,1,41.8709135,-87.79555984,,941 S GROVE AVE,0,329.9,0,0,1
1185,apartment,apartment,1,41.87195926,-87.79480134,,815 GARFIELD ST,1,43.9,1,1,1
1186,apartment,apartment,1,41.87195093,-87.79411135,,901 S OAK PARK AVE,1,148.8,1,1,1
1187,apartment,apartment,1,41.87186941,-87.79424498,,903 S OAK PARK AVE,1,106.9,1,1,1
1188,apartment,apartment,1,41.87177539,-87.79423229,,905 S OAK PARK AVE,1,111.3,1,1,1
1189,apartment,apartment,1,41.87168087,-87.79420848,,909 S OAK PARK AVE,1,128.1,1,1,1
1190,apartment,apartment,1,41.87110463,-87.79430663,,925 S OAK PARK AVE,1,105.6,1,1,1
1191,apartment,apartment,1,41.8697929,-87.80319853,,1016 S MAPLE AVE,0,819.2,0,0,0
1192,apartment,apartment,1,41.86970612,-87.80319925,,1018 S MAPLE AVE,0,849.1,0,0,0
1193,apartment,apartment,1,41.86960891,-87.80319541,,1022 S MAPLE AVE,0,882.4,0,0,0
1194,apartment,apartment,1,41.86951168,-87.80318692,,1030 S MAPLE AVE,0,915.5,0,0,0
1195,apartment,apartment,1,41.86938764,-87.80318043,,1032 S MAPLE AVE,0,958.3,0,0,0
1196,apartment,apartment,1,41.8695251,-87.802334,,1025 WISCONSIN AVE,0,871.6,0,0,0
1197,apartment,apartment,1,41.86888821,-87.79754802,,1046 CLINTON AVE 1,0,1115.3,0,0,0
1198,apartment,apartment,1,41.86993411,-87.79494702,,1016 S GROVE AVE,1,359.6,1,1,1
1199,apartment,apartment,1,41.86895419,-87.79492829,,1044 S GROVE AVE,0,695.7,0,0,0
1200,apartment,apartment,1,41.86982109,-87.79448167,,1019 S OAK PARK AVE,1,364.0,1,1,1
1201,apartment,apartment,1,41.86955489,-87.7942237,,1029 S OAK PARK AVE,1,460.4,1,1,1
1202,apartment,apartment,1,41.86944501,-87.79421882,,1031 S OAK PARK AVE 1,1,500.4,1,1,1
1203,apartment,apartment,1,41.86908003,-87.79417842,,1041 S OAK PARK AVE,1,633.7,1,1,1
1204,apartment,apartment,1,41.86774922,-87.80079638,,1125 WENONAH AVE,0,904.6,0,0,0
1205,apartment,apartment,1,41.86733768,-87.79482871,,1138 S GROVE AVE,0,738.1,0,0,0
1206,apartment,apartment+townhome,2,41.86866699,-87.79419006,1,1101 S OAK PARK AVE,1,783.5,1,1,1
1207,apartment,apartment,1,41.86857486,-87.79419436,,1105 S OAK PARK AVE,1,816.9,1,1,1
1208,apartment,apartment,1,41.86847216,-87.7941917,,1107 S OAK PARK AVE,1,854.3,1,1,1
1209,apartment,apartment,1,41.86838529,-87.79419595,,1109 S OAK PARK AVE,1,885.8,1,1,1
1210,apartment,apartment,1,41.86827462,-87.79417926,,1113 S OAK PARK AVE,1,926.3,1,1,1
1211,apartment,apartment,1,41.86819823,-87.79417285,,1115 S OAK PARK AVE 1,1,954.2,1,1,1
1212,apartment,apartment,1,41.86806142,-87.79419515,,1117 S OAK PARK AVE,1,973.9,1,1,1
1213,apartment,apartment,1,41.86756786,-87.79401604,,1133 S OAK PARK AVE,1,793.1,1,1,1
1214,apartment,apartment,1,41.86752165,-87.79419616,,1135 S OAK PARK AVE,1,777.7,1,1,1
1215,apartment,apartment,1,41.86568278,-87.80210497,,1181 WISCONSIN AVE,1,135.3,1,1,1
1216,apartment,apartment,1,41.86677392,-87.79698269,,1151 S KENILWORTH AVE,0,574.2,0,0,0
1217,apartment,apartment,1,41.86545467,-87.79655995,,6900 ROOSEVELT RD,1,234.2,1,1,1
1218,apartment,apartment,1,41.86549143,-87.79607988,,1190 S KENILWORTH AVE,0,362.0,0,0,1
1219,apartment,apartment,1,41.86527135,-87.7960725,,1196 S KENILWORTH AVE,0,351.0,0,0,1
1220,apartment,apartment,1,41.86682521,-87.79398453,,1151 S OAK PARK AVE,1,522.8,1,1,1
1221,apartment,apartment,1,41.86572883,-87.79392342,,1183 S OAK PARK AVE 1N,1,126.3,1,1,1
1222,apartment,apartment,1,41.86534081,-87.79438579,,6810 ROOSEVELT RD,1,31.7,1,1,1
1223,apartment,apartment,1,41.86536316,-87.79410007,,6804 ROOSEVELT RD,1,23.9,1,1,1
1224,apartment,apartment,1,41.86534656,-87.79392748,,6800 ROOSEVELT RD,1,29.2,1,1,1
1225,apartment,apartment,1,41.86648882,-87.79399723,,1161 S OAK PARK AVE,1,400.3,1,1,1
1226,apartment,apartment,1,41.87249672,-87.78507901,,417 HARRISON ST,0,105.6,1,1,1
1227,apartment,apartment,1,41.87249871,-87.78499032,,415 HARRISON ST,0,83.4,1,1,1
1228,apartment,apartment,1,41.87244659,-87.78484375,,411 HARRISON ST,0,39.4,1,1,1
1229,apartment,apartment,1,41.87169573,-87.79377272,,900 S OAK PARK AVE,1,239.1,1,1,1
1230,apartment,apartment,1,41.87075878,-87.79356835,,964 S OAK PARK AVE,1,212.7,1,1,1
1231,apartment,apartment,1,41.87185154,-87.79337388,,737 GARFIELD ST,1,342.1,1,1,1
1232,apartment,apartment,1,41.8718189,-87.79320589,,733 GARFIELD ST,1,387.6,1,1,1
1233,apartment,apartment,1,41.87180102,-87.79299035,,901 S EUCLID AVE,1,387.5,1,1,1
1234,apartment,apartment,1,41.87169627,-87.79298777,,909 S EUCLID AVE,1,421.4,1,1,1
1235,apartment,apartment,1,41.87153911,-87.79298344,,915 S EUCLID AVE,1,454.2,1,1,1
1236,apartment,apartment,1,41.87164558,-87.79200892,,907 WESLEY AVE,0,409.4,0,0,0
1237,apartment,apartment,1,41.87141528,-87.79250346,,928 S EUCLID AVE 2,0,486.3,0,0,0
1238,apartment,apartment,1,41.87104916,-87.79121016,,940 WESLEY AVE,1,687.7,1,1,1
1239,apartment,apartment,1,41.8708511,-87.79119386,,946 WESLEY AVE,0,754.9,0,0,0
1240,apartment,apartment,1,41.87048529,-87.79340212,,1000 S OAK PARK AVE,1,283.6,1,1,1
1241,apartment,apartment,1,41.87004677,-87.79362595,,1014 S OAK PARK AVE,1,341.9,1,1,1
1242,apartment,apartment,1,41.8694304,-87.79340393,,1028 S OAK PARK AVE,1,565.8,1,1,1
1243,apartment,apartment,1,41.8692364,-87.79359233,,1038 S OAK PARK AVE,1,610.6,1,1,1
1244,apartment,apartment,1,41.8691458,-87.79359309,,1040 S OAK PARK AVE,1,641.7,1,1,1
1245,apartment,apartment,1,41.86904659,-87.79358045,,1042 S OAK PARK AVE,1,677.0,1,1,1
1246,apartment,apartment,1,41.86894253,-87.79357234,,1046 S OAK PARK AVE,1,713.8,1,1,1
1247,apartment,apartment,1,41.87054671,-87.79179972,,1001 WESLEY AVE,0,697.9,0,0,0
1248,apartment,apartment,1,41.87045749,-87.79179525,,1005 WESLEY AVE,0,704.4,0,0,0
1249,apartment,apartment,1,41.86988554,-87.79175384,,1021 WESLEY AVE,0,780.7,0,0,0
1250,apartment,apartment,1,41.86908019,-87.79175165,,1045 WESLEY AVE,0,946.0,0,0,0
1251,apartment,apartment,1,41.86988666,-87.79118775,,1020 WESLEY AVE,0,921.2,0,0,0
1252,apartment,apartment,1,41.86978935,-87.79118857,,1022 WESLEY AVE,0,934.6,0,0,0
1253,apartment,apartment,1,41.86989266,-87.78930041,,1021 S EAST AVE,0,1064.6,0,0,0
1254,apartment,apartment,1,41.86989693,-87.78869329,,1020 S EAST AVE 1,0,1087.9,0,0,0
1255,apartment,apartment,1,41.86976942,-87.78869437,,1024 S EAST AVE,0,1133.1,0,0,0
1256,apartment,apartment,1,41.86956459,-87.78805031,,1031 S SCOVILLE AVE,0,1087.1,0,0,0
1257,apartment,apartment,1,41.86906615,-87.7874634,,1046 S SCOVILLE AVE,0,1049.7,0,0,0
1258,apartment,apartment,1,41.86981965,-87.78684859,,1025 GUNDERSON AVE,0,756.0,0,0,0
1259,apartment,apartment,1,41.87125832,-87.78561461,,429 GARFIELD ST,1,347.2,1,1,1
1260,apartment,apartment,1,41.86951232,-87.78441108,,1035 S RIDGELAND AVE,1,495.0,1,1,1
1261,apartment,apartment,1,41.87114777,-87.78520662,,938 S ELMWOOD AVE,1,229.9,1,1,1
1262,apartment,apartment,1,41.86867671,-87.79356317,,1100 S OAK PARK AVE,1,807.4,1,1,1
1263,apartment,apartment,1,41.86857411,-87.79358165,,1104 S OAK PARK AVE,1,842.2,1,1,1
1264,apartment,apartment,1,41.86847138,-87.79357194,,1106 S OAK PARK AVE,1,879.2,1,1,1
1265,apartment,apartment,1,41.86836598,-87.7935552,,1110 S OAK PARK AVE,1,917.5,1,1,1
1266,apartment,apartment,1,41.86826594,-87.79355957,,1112 S OAK PARK AVE,1,952.7,1,1,1
1267,apartment,apartment,1,41.86815798,-87.79355695,,1116 S OAK PARK AVE,1,991.2,1,1,1
1268,apartment,apartment,1,41.86805787,-87.79354722,,1118 S OAK PARK AVE,1,979.8,1,1,1
1269,apartment,apartment,1,41.86794464,-87.79354465,,1122 S OAK PARK AVE,1,939.0,1,1,1
1270,apartment,apartment,1,41.86785246,-87.79353837,,1124 S OAK PARK AVE,1,906.1,1,1,1
1271,apartment,apartment,1,41.86763652,-87.79353314,,1130 S OAK PARK AVE,1,828.6,1,1,1
1272,apartment,apartment,1,41.86754169,-87.79352336,,1134 S OAK PARK AVE,1,795.0,1,1,1
1273,apartment,apartment,1,41.8674627,-87.79352403,,1136 S OAK PARK AVE,1,766.6,1,1,1
1274,apartment,apartment,1,41.86723191,-87.78918937,,1145 S EAST AVE,0,658.0,0,0,0
1275,apartment,apartment,1,41.86872884,-87.78970145,,613 HARVARD ST,0,1217.6,0,0,0
1276,apartment,apartment,1,41.86865929,-87.78871139,,1104 S EAST AVE,0,1149.5,0,0,0
1277,apartment,apartment,1,41.86856055,-87.7887009,,1106 S EAST AVE,0,1113.4,0,0,0
1278,apartment,apartment,1,41.86846175,-87.78867908,,1110 S EAST AVE,0,1077.2,0,0,0
1279,apartment,apartment,1,41.86801076,-87.78871689,,1122 S EAST AVE,0,914.0,0,0,0
1280,apartment,apartment,1,41.86728442,-87.7869673,,510 FILLMORE ST,0,668.5,0,0,0
1281,apartment,apartment,1,41.86761195,-87.78500682,,1136 S ELMWOOD AVE,0,744.6,0,0,0
1282,apartment,apartment,1,41.86656059,-87.79332902,,1160 S OAK PARK AVE,1,438.0,1,1,1
1283,apartment,apartment,1,41.86641986,-87.79351822,,1164 S OAK PARK AVE,1,399.0,1,1,1
1284,apartment,apartment,1,41.86625783,-87.79332686,,1170 S OAK PARK AVE,1,330.5,1,1,1
1285,apartment,apartment,1,41.86609506,-87.79330605,,1174 S OAK PARK AVE,1,272.1,1,1,1
1286,apartment,apartment,1,41.86595787,-87.79348876,,1176 S OAK PARK AVE,1,247.0,1,1,1
1287,apartment,apartment,1,41.8658737,-87.79350709,,1180 S OAK PARK AVE,1,224.4,1,1,1
1288,apartment,apartment,1,41.86578943,-87.79350428,,1182 S OAK PARK AVE,1,200.4,1,1,1
1289,apartment,apartment,1,41.86570252,-87.79350148,,1184 S OAK PARK AVE,1,177.7,1,1,1
1290,apartment,apartment,1,41.86657861,-87.79038637,,1161 CLARENCE AVE 2,0,418.3,0,0,0
1291,apartment,apartment,1,41.86543938,-87.79071538,,6636 ROOSEVELT RD,1,25.8,1,1,1
1292,apartment,apartment,1,41.8653556,-87.78902676,,6600 ROOSEVELT RD,1,162.2,1,1,1
1293,apartment,apartment,1,41.86687333,-87.78797424,,1153 S SCOVILLE AVE,0,509.7,0,0,0
1294,apartment,apartment,1,41.8661395,-87.78668813,,1175 GUNDERSON AVE,0,254.3,0,1,1
1295,condo,condo,1,41.865378,-87.796088,5,1194 S KENILWORTH AVE 1E,0,350.9,0,0,1
1296,condo,condo,1,41.86559,-87.785787,126,6436 ROOSEVELT RD 201,1,262.6,1,1,1
1297,condo,condo,1,41.867082,-87.77438,2,1022 S AUSTIN BLVD 1022-2,1,727.6,1,1,1
1298,condo,condo,1,41.867744,-87.793522,9,1128 S OAK PARK AVE 1E,1,867.7,1,1,1
1299,condo,condo,1,41.867964,-87.794168,7,1121 S OAK PARK AVE 1,1,938.1,1,1,1
1300,condo,condo,1,41.868912,-87.796266,1,1046 S KENILWORTH AVE 1,0,866.1,0,0,0
1301,condo,condo,1,41.868965,-87.794345,4,844 HARVARD ST 1FL,1,673.9,1,1,1
1302,condo,condo,1,41.870507,-87.794126,6,1001 S OAK PARK AVE 1,1,127.8,1,1,1
1303,condo,condo,1,41.870574,-87.777605,6,115 GARFIELD ST 1A,1,817.4,1,1,1
1304,condo,condo,1,41.870759,-87.793568,6,807 W LEXINGTON ST 7,1,212.8,1,1,1
1305,condo,condo,1,41.870967,-87.794267,12,929 S OAK PARK AVE 1NE,1,59.3,1,1,1
1306,condo,condo,1,41.871244,-87.790556,13,923 CLARENCE AVE 1,1,626.2,1,1,1
1307,condo,condo,1,41.871362,-87.791803,6,924 WESLEY AVE 1,0,523.2,0,0,0
1308,condo,condo,1,41.8714,-87.794223,9,915 S OAK PARK AVE 1A,1,192.7,1,1,1
1309,condo,condo,1,41.871636,-87.775353,2,930 S HUMPHREY AVE 1S,0,345.3,0,0,1
1310,condo,condo,1,41.871646,-87.792009,7,920 WESLEY AVE 1,0,409.3,0,0,0
1311,condo,condo,1,41.871733,-87.775849,6,928 S HUMPHREY AVE 1N,0,393.9,0,0,1
1312,condo,condo,1,41.872337,-87.785282,6,904 S ELMWOOD AVE 1,0,157.3,1,1,1
1313,condo,condo,1,41.872497,-87.785079,6,419 HARRISON ST 1,0,105.6,1,1,1
1314,condo,condo,1,41.872588,-87.776229,3,38 W HARRISON ST 1,0,381.0,0,0,1
1315,condo,condo,1,41.87266,-87.791223,12,644 HARRISON ST 1,0,301.3,0,0,1
1316,condo,condo,1,41.872698,-87.787599,9,520 W HARRISON ST 1,0,542.8,0,0,0
1317,condo,condo,1,41.872744,-87.785634,14,430 W HARRISON ST 1,0,279.2,0,1,1
1318,condo,condo,1,41.872782,-87.788193,3,844 S SCOVILLE AVE 1,0,380.5,0,0,1
1319,condo,condo,1,41.87287,-87.788175,3,842 S SCOVILLE AVE 1,0,385.9,0,0,1
1320,condo,condo,1,41.872884,-87.775353,7,845 S HUMPHREY AVE 1,1,120.5,1,1,1
1321,condo,condo,1,41.872895,-87.776049,3,36 W HARRISON ST 1,0,304.2,0,0,1
1322,condo,condo,1,41.872958,-87.788174,3,838 S SCOVILLE AVE 1,0,389.3,0,0,1
1323,condo,condo,1,41.872966,-87.791819,10,838 S WESLEY AVE 1,0,159.9,1,1,1
1324,condo,condo,1,41.873037,-87.791819,3,836 S WESLEY AVE 1,0,174.4,1,1,1
1325,condo,condo,1,41.873534,-87.77468,8,504 S AUSTIN BLVD 1,1,207.4,1,1,1
1326,condo,condo,1,41.873671,-87.77468,11,424 S AUSTIN BLVD,1,255.0,1,1,1
1327,condo,condo,1,41.873826,-87.802666,13,1118 HARRISON ST 1,0,522.5,0,0,0
1328,condo,condo,1,41.873916,-87.803383,9,1122 HARRISON ST 7,0,446.7,0,0,0
1329,condo,condo,1,41.87414,-87.793584,5,739 VAN BUREN ST 1E,1,77.0,1,1,1
1330,condo,condo,1,41.874181,-87.793878,4,800 S OAK PARK AVE 2N,1,59.3,1,1,1
1331,condo,condo,1,41.874191,-87.774713,7,408 S AUSTIN BLVD,1,438.9,1,1,1
1332,condo,condo,1,41.874457,-87.791925,6,746 S WESLEY AVE 1N,0,537.6,0,0,0
1333,condo,condo,1,41.874479,-87.791188,5,642 VAN BUREN ST 1,0,684.1,0,0,0
1334,condo,condo,1,41.874629,-87.803367,9,816 S MAPLE AVE 1S,0,630.5,0,0,0
1335,condo,condo,1,41.874789,-87.803958,5,814 S MAPLE AVE 1N,0,525.8,0,0,0
1336,condo,condo,1,41.875765,-87.804041,20,727 S MAPLE AVE 100,0,178.5,1,1,1
1337,condo,condo,1,41.876995,-87.801291,2,634 WENONAH AVE 1S,0,554.1,0,0,0
1338,condo,condo,1,41.877031,-87.800761,2,632 WENONAH AVE 1N,0,677.2,0,0,0
1339,condo,condo,1,41.877391,-87.804078,20,621 S MAPLE AVE 100,0,305.3,0,0,1
1340,condo,condo,1,41.877763,-87.781669,6,608 S HIGHLAND AVE 1N,0,758.0,0,0,0
1341,condo,condo,1,41.87814,-87.791249,11,642 ADAMS ST 1E,0,500.6,0,0,0
1342,condo,condo,1,41.878705,-87.783506,2,531 S CUYLER AVE 1,0,349.6,0,0,1
1343,condo,condo,1,41.878915,-87.774964,9,100 S AUSTIN BLVD 1A,1,295.5,1,1,1
1344,condo,condo,1,41.878976,-87.793895,2,518 S OAK PARK AVE 1S,1,167.4,1,1,1
1345,condo,condo,1,41.879071,-87.800863,6,512 WENONAH AVE 1N,1,86.8,1,1,1
1346,condo,condo,1,41.879136,-87.794534,2,516 S OAK PARK AVE 1N,1,157.7,1,1,1
1347,condo,condo,1,41.879259,-87.775016,3,20 S AUSTIN BLVD 1,1,182.1,1,1,1
1348,condo,condo,1,41.879493,-87.797083,2,854 MADISON ST 2,1,0.1,1,1,1
1349,condo,condo,1,41.879712,-87.787587,7,512 MADISON ST 1N,1,45.9,1,1,1
1350,condo,condo,1,41.879717,-87.787401,6,510 MADISON ST 1N,1,0.2,1,1,1
1351,condo,condo,1,41.879873,-87.802051,17,1041 SUSAN COLLINS LN 102,1,120.6,1,1,1
1352,condo,condo,1,41.879942,-87.803599,4,440 S MAPLE AVE 1S,1,82.5,1,1,1
1353,condo,condo,1,41.879947,-87.7966,2,852 MADISON ST 2,1,25.4,1,1,1
1354,condo,condo,1,41.88005,-87.800268,3,439 HOME AVE 1S,1,207.2,1,1,1
1355,condo,condo,1,41.880109,-87.803573,3,438 S MAPLE AVE 1N,1,123.5,1,1,1
1356,condo,condo,1,41.880131,-87.796764,7,438 S KENILWORTH AVE 1,1,96.8,1,1,1
1357,condo,condo,1,41.880205,-87.800296,3,437 HOME AVE 1N,1,257.7,1,1,1
1358,condo,condo,1,41.880245,-87.797223,2,433 S KENILWORTH AVE 1,0,166.7,1,1,1
1359,condo,condo,1,41.880268,-87.803553,6,430 S MAPLE AVE 1N,0,174.4,1,1,1
1360,condo,condo,1,41.88027,-87.788069,14,506 MADISON ST 1N,1,270.5,1,1,1
1361,condo,condo,1,41.880298,-87.80214,6,430 WISCONSIN AVE 1S,0,200.2,0,1,1
1362,condo,condo,1,41.880335,-87.802564,3,429 WISCONSIN AVE 1,0,191.0,1,1,1
1363,condo,condo,1,41.88039,-87.792953,10,431 S EUCLID AVE 1A,1,116.4,1,1,1
1364,condo,condo,1,41.880396,-87.803555,18,424 S MAPLE AVE 3N,0,208.7,0,1,1
1365,condo,condo,1,41.880397,-87.796658,2,431 S KENILWORTH AVE 1N,0,169.0,1,1,1
1366,condo,condo,1,41.880399,-87.77813,3,441 S TAYLOR AVE 1C,1,41.4,1,1,1
1367,condo,condo,1,41.880406,-87.790623,15,429 WESLEY AVE 201,1,74.1,1,1,1
1368,condo,condo,1,41.880412,-87.799641,30,430 HOME AVE 101S,0,387.2,0,0,1
1369,condo,condo,1,41.880424,-87.802604,3,428 WISCONSIN AVE 1N,0,224.5,0,1,1
1370,condo,condo,1,41.880442,-87.802122,3,426 WISCONSIN AVE 1,0,249.5,0,1,1
1371,condo,condo,1,41.880491,-87.78972,4,431 S EAST AVE 1N,1,110.1,1,1,1
1372,condo,condo,1,41.880531,-87.802556,22,423 WISCONSIN AVE 1E,0,261.9,0,1,1
1373,condo,condo,1,41.880534,-87.793031,11,427 S EUCLID AVE A,0,172.7,1,1,1
1374,condo,condo,1,41.88057,-87.790611,4,428 S WESLEY AVE 1N,1,129.1,1,1,1
1375,condo,condo,1,41.880583,-87.781654,8,431 S HARVEY AVE A,1,120.2,1,1,1
1376,condo,condo,1,41.880595,-87.791416,15,425 S WESLEY AVE 102,0,283.3,0,1,1
1377,condo,condo,1,41.880631,-87.801976,12,419 WISCONSIN AVE 1E,0,328.5,0,0,1
1378,condo,condo,1,41.880632,-87.778283,7,439 S TAYLOR AVE 1A,1,126.9,1,1,1
1379,condo,condo,1,41.880642,-87.779145,11,434 S LOMBARD AVE 1,1,134.1,1,1,1
1380,condo,condo,1,41.880656,-87.785732,10,425 S ELMWOOD AVE 1,0,185.0,1,1,1
1381,condo,condo,1,41.880669,-87.800404,59,420 HOME AVE 101N,0,418.2,0,0,0
1382,condo,condo,1,41.880675,-87.797229,5,423 S KENILWORTH AVE 1S,0,291.5,0,1,1
1383,condo,condo,1,41.880695,-87.796621,23,420 S KENILWORTH AVE 1,0,274.1,0,1,1
1384,condo,condo,1,41.880727,-87.779959,23,433 S LOMBARD AVE 11,0,164.6,1,1,1
1385,condo,condo,1,41.880747,-87.804191,20,415 S MAPLE AVE 101,1,83.7,1,1,1
1386,condo,condo,1,41.880766,-87.801988,23,417 WISCONSIN AVE 1E,0,372.4,0,0,1
1387,condo,condo,1,41.880815,-87.7849,7,421 S RIDGELAND AVE 1N,1,194.2,1,1,1
1388,condo,condo,1,41.880843,-87.797257,9,417 S KENILWORTH AVE 1,0,342.0,0,0,1
1389,condo,condo,1,41.880876,-87.802096,10,414 WISCONSIN AVE A-E,0,401.2,0,0,0
1390,condo,condo,1,41.880888,-87.789787,10,419 S EAST AVE 1A,0,254.7,0,1,1
1391,condo,condo,1,41.88089,-87.779189,23,426 S LOMBARD AVE 101,0,218.5,0,1,1
1392,condo,condo,1,41.880895,-87.790611,31,415 S WESLEY AVE,0,245.5,0,1,1
1393,condo,condo,1,41.880927,-87.800394,10,413 HOME AVE 1A,0,511.9,0,0,0
1394,condo,condo,1,41.880931,-87.787256,23,414 S SCOVILLE AVE 1A,0,338.1,0,0,1
1395,condo,condo,1,41.880963,-87.777687,6,427 S TAYLOR AVE,0,278.5,0,1,1
1396,condo,condo,1,41.881009,-87.79062,21,400 S WESLEY AVE G,0,287.0,0,1,1
1397,condo,condo,1,41.881022,-87.789652,10,401 S EAST AVE G,0,304.2,0,0,1
1398,condo,condo,1,41.881065,-87.784851,2,417 S RIDGELAND AVE 1,1,284.2,1,1,1
1399,condo,condo,1,41.881073,-87.802797,13,408 WISCONSIN AVE 303,0,453.0,0,0,0
1400,condo,condo,1,41.881103,-87.80206,4,401 WISCONSIN AVE 103,0,483.7,0,0,0
1401,condo,condo,1,41.881118,-87.804273,10,405 S MAPLE AVE 1,1,213.2,1,1,1
1402,condo,condo,1,41.881131,-87.800289,21,405 HOME AVE 101,0,588.8,0,0,0
1403,condo,condo,1,41.881136,-87.779975,20,415 S LOMBARD AVE 101,0,310.1,0,0,1
1404,condo,condo,1,41.881186,-87.781626,19,402 S HARVEY AVE 3B,0,334.3,0,0,1
1405,condo,condo,1,41.88124,-87.803195,37,1120 W WASHINGTON BLVD 1A,0,395.5,0,0,1
1406,condo,condo,1,41.881244,-87.795405,6,408 S GROVE AVE A,0,481.4,0,0,0
1407,condo,condo,1,41.881249,-87.794691,9,407 S OAK PARK AVE A,1,462.0,1,1,1
1408,condo,condo,1,41.881286,-87.783523,2,415 S RIDGELAND AVE 1,1,394.5,1,1,1
1409,condo,condo,1,41.881315,-87.78593,9,400 S ELMWOOD AVE 2N,0,401.7,0,0,0
1410,condo,condo,1,41.881323,-87.796075,30,400 S GROVE AVE G1,0,507.6,0,0,0
1411,condo,condo,1,41.881332,-87.781877,1,241 W WASHINGTON BLVD PU-2,0,386.5,0,0,1
1412,condo,condo,1,41.881333,-87.79234,9,660 W WASHINGTON BLVD 2,0,474.1,0,0,0
1413,condo,condo,1,41.881352,-87.7809,82,222 WASHINGTON BLVD 101,0,413.5,0,0,0
1414,condo,condo,1,41.881361,-87.793338,10,711 W WASHINGTON BLVD 1E,0,484.9,0,0,0
1415,condo,condo,1,41.881369,-87.792137,10,658 W WASHINGTON BLVD 1,0,504.5,0,0,0
1416,condo,condo,1,41.881402,-87.779258,13,402 S LOMBARD AVE 1,0,400.4,0,0,0
1417,condo,condo,1,41.881436,-87.790307,12,615 W WASHINGTON BLVD 1N,0,443.4,0,0,0
1418,condo,condo,1,41.88146,-87.776685,10,407 S HUMPHREY AVE 1,0,422.2,0,0,0
1419,condo,condo,1,41.881475,-87.786328,10,405 S ELMWOOD AVE 1A,0,453.8,0,0,0
1420,condo,condo,1,41.88148,-87.785755,3,424 W WASHINGTON BLVD 1E,0,468.0,0,0,0
1421,condo,condo,1,41.881527,-87.782337,20,257 W WASHINGTON BLVD 1,0,479.4,0,0,0
1422,condo,condo,1,41.881594,-87.80321,3,1118 W WASHINGTON BLVD 1A,0,486.8,0,0,0
1423,condo,condo,1,41.881601,-87.780135,11,121 WASHINGTON BLVD 1,0,476.9,0,0,0
1424,condo,condo,1,41.881826,-87.7924,8,338 S EUCLID AVE 2,0,645.1,0,0,0
1425,condo,condo,1,41.881833,-87.800874,7,1020 W WASHINGTON BLVD 2A,0,843.5,0,0,0
1426,condo,condo,1,41.881836,-87.800443,19,339 HOME AVE 1A,0,841.2,0,0,0
1427,condo,condo,1,41.881845,-87.790475,19,619 W WASHINGTON BLVD 1E,0,589.3,0,0,0
1428,condo,condo,1,41.881856,-87.790744,6,625 W WASHINGTON BLVD 1,0,597.1,0,0,0
1429,condo,condo,1,41.881876,-87.804216,52,336 S MAPLE AVE 1A,0,489.5,0,0,0
1430,condo,condo,1,41.881882,-87.785692,3,426 W WASHINGTON BLVD 1W,0,615.0,0,0,0
1431,condo,condo,1,41.881897,-87.802022,5,344 WISCONSIN AVE 2,0,769.0,0,0,0
1432,condo,condo,1,41.881941,-87.798901,10,339 CLINTON AVE 1,0,772.0,0,0,0
1433,condo,condo,1,41.881949,-87.789855,42,333 S EAST AVE 201,0,641.4,0,0,0
1434,condo,condo,1,41.881979,-87.796816,1,340 S KENILWORTH AVE 3,0,744.5,0,0,0
1435,condo,condo,1,41.882022,-87.780097,6,209 W WASHINGTON BLVD 1N,0,630.2,0,0,0
1436,condo,condo,1,41.882023,-87.780221,7,211 W WASHINGTON BLVD 1N,0,631.1,0,0,0
1437,condo,condo,1,41.882036,-87.779963,9,205 W WASHINGTON BLVD 1,0,636.6,0,0,0
1438,condo,condo,1,41.882047,-87.780711,5,222 W WASHINGTON BLVD 103,0,659.1,0,0,0
1439,condo,condo,1,41.882067,-87.779887,13,201 W WASHINGTON BLVD 1N,0,649.6,0,0,0
1440,condo,condo,1,41.882076,-87.793057,6,332 S EUCLID AVE 1,0,727.9,0,0,0
1441,condo,condo,1,41.882088,-87.790573,8,330 WESLEY AVE A1,0,678.1,0,0,0
1442,condo,condo,1,41.882179,-87.784884,10,331 S RIDGELAND AVE A,1,689.8,1,1,1
1443,condo,condo,1,41.8822,-87.794683,13,333 S OAK PARK AVE 1N,1,807.9,1,1,1
1444,condo,condo,1,41.882207,-87.793871,3,328 S OAK PARK AVE 1,1,822.7,1,1,1
1445,condo,condo,1,41.882265,-87.779181,1,125 W WASHINGTON BLVD 3,0,704.9,0,0,0
1446,condo,condo,1,41.882322,-87.802768,10,327 WISCONSIN AVE 1A,0,772.8,0,0,0
1447,condo,condo,1,41.882326,-87.802021,3,324 WISCONSIN AVE A,0,899.1,0,0,0
1448,condo,condo,1,41.88236,-87.794704,5,329 S OAK PARK AVE,1,866.3,1,1,1
1449,condo,condo,1,41.882418,-87.784929,7,324 S RIDGELAND AVE A1,1,777.1,1,1,1
1450,condo,condo,1,41.882572,-87.802781,10,317 WISCONSIN AVE 1-A,0,849.2,0,0,0
1451,condo,condo,1,41.882583,-87.784249,3,322 S RIDGELAND AVE A,1,851.2,1,1,1
1452,condo,condo,1,41.882641,-87.803679,2,314 S MAPLE AVE 1S,0,785.8,0,0,0
1453,condo,condo,1,41.882642,-87.784922,3,320 S RIDGELAND AVE A,1,858.5,1,1,1
1454,condo,condo,1,41.882703,-87.804244,2,312 S MAPLE AVE 1N,0,790.1,0,0,0
1455,condo,condo,1,41.882707,-87.776734,6,341 S HUMPHREY AVE 1,0,875.4,0,0,0
1456,condo,condo,1,41.882737,-87.80279,10,313 WISCONSIN AVE 1N,0,901.0,0,0,0
1457,condo,condo,1,41.882746,-87.778379,6,333 S TAYLOR AVE 1N,0,883.9,0,0,0
1458,condo,condo,1,41.882762,-87.802219,6,312 WISCONSIN AVE 1N,0,890.8,0,0,0
1459,condo,condo,1,41.882766,-87.775088,11,116 N AUSTIN BLVD 1,1,835.8,1,1,1
1460,condo,condo,1,41.882991,-87.775039,24,122 N AUSTIN BLVD 2,1,916.7,1,1,1
1461,condo,condo,1,41.883007,-87.801261,43,1025 RANDOLPH ST 1,0,854.8,0,0,0
1462,condo,condo,1,41.883136,-87.801808,2,1033 RANDOLPH ST 1,0,768.8,0,0,0
1463,condo,condo,1,41.883164,-87.790095,6,608 RANDOLPH ST 1,0,1074.9,0,0,0
1464,condo,condo,1,41.883287,-87.796758,4,300 S KENILWORTH AVE,0,1217.7,0,0,0
1465,condo,condo,1,41.883459,-87.800955,7,1018 RANDOLPH ST A,0,742.1,0,0,0
1466,condo,condo,1,41.883474,-87.793945,28,240 S OAK PARK AVE 101,1,939.6,1,1,1
1467,condo,condo,1,41.883494,-87.801628,6,1035 RANDOLPH ST 1W,0,654.7,0,0,0
1468,condo,condo,1,41.883531,-87.78909,4,243 S EAST AVE 1,0,1229.2,0,0,0
1469,condo,condo,1,41.883607,-87.794739,5,245 S OAK PARK AVE,1,903.6,1,1,1
1470,condo,condo,1,41.883615,-87.789685,2,241 S EAST AVE 1,0,1247.2,0,0,0
1471,condo,condo,1,41.883708,-87.80426,9,246 S MAPLE AVE 1E,0,708.5,0,0,0
1472,condo,condo,1,41.88373,-87.775137,5,148 N AUSTIN BLVD 1A,1,1186.8,1,1,1
1473,condo,condo,1,41.883756,-87.802077,20,248 S MARION ST 1,0,533.9,0,0,0
1474,condo,condo,1,41.883851,-87.804418,6,244 S MAPLE AVE 1E,0,680.5,0,0,0
1475,condo,condo,1,41.883876,-87.775504,13,11 RANDOLPH ST 6A,1,1249.7,1,1,1
1476,condo,condo,1,41.883897,-87.803395,12,242 S MAPLE AVE 1/21N,0,546.2,0,0,0
1477,condo,condo,1,41.883984,-87.804246,13,237 S MAPLE AVE 1,0,619.6,0,0,0
1478,condo,condo,1,41.883993,-87.793941,21,224 S OAK PARK AVE 1B,1,751.2,1,1,1
1479,condo,condo,1,41.884102,-87.802191,4,240 S MARION ST 1N,0,404.9,0,0,0
1480,condo,condo,1,41.884171,-87.798906,3,233 CLINTON AVE 1,0,1010.1,0,0,0
1481,condo,condo,1,41.884236,-87.798231,3,231 CLINTON AVE 1,0,1007.4,0,0,0
1482,condo,condo,1,41.884285,-87.804503,2,235 S MAPLE AVE 1,0,545.4,0,0,0
1483,condo,condo,1,41.884347,-87.794061,6,214 S OAK PARK AVE 1,1,620.7,1,1,1
1484,condo,condo,1,41.884398,-87.794719,12,220 S OAK PARK AVE 1,1,620.9,1,1,1
1485,condo,condo,1,41.884556,-87.804323,6,220 S MAPLE AVE 37,0,435.4,0,0,0
1486,condo,condo,1,41.884558,-87.804516,4,224 S MAPLE AVE 43,0,462.1,0,0,0
1487,condo,condo,1,41.884581,-87.794735,6,216 S OAK PARK AVE 1,1,557.8,1,1,1
1488,condo,condo,1,41.884645,-87.798955,2,222 S CLINTON AVE 1S,0,896.5,0,0,0
1489,condo,condo,1,41.884722,-87.804308,18,212 S MAPLE AVE 25,0,381.2,0,0,1
1490,condo,condo,1,41.884729,-87.798333,2,220 S CLINTON AVE 1N,0,864.8,0,0,0
1491,condo,condo,1,41.884891,-87.780053,7,208 S LOMBARD AVE A,0,1110.2,0,0,0
1492,condo,condo,1,41.884906,-87.796903,4,204 S KENILWORTH AVE 1S,0,665.5,0,0,0
1493,condo,condo,1,41.885023,-87.804278,54,201 S MAPLE AVE,0,289.0,0,1,1
1494,condo,condo,1,41.885085,-87.780074,4,206 S LOMBARD AVE A,0,1063.2,0,0,0
1495,condo,condo,1,41.885107,-87.782588,3,258 PLEASANT ST 1,0,637.6,0,0,0
1496,condo,condo,1,41.885124,-87.77897,14,119 PLEASANT ST A,0,1194.5,0,0,0
1497,condo,condo,1,41.885175,-87.799804,12,200 HOME AVE 2A,0,600.2,0,0,0
1498,condo,condo,1,41.885179,-87.799208,14,947 PLEASANT ST 1AE,0,711.2,0,0,0
1499,condo,condo,1,41.885206,-87.803755,6,200 S MAPLE AVE 10,0,155.6,1,1,1
1500,condo,condo,1,41.885298,-87.79794,12,845 PLEASANT ST 1E,0,633.6,0,0,0
1501,condo,condo,1,41.885339,-87.797275,4,200 S KENILWORTH AVE 1N,0,535.6,0,0,0
1502,condo,condo,1,41.885425,-87.782375,6,254 PLEASANT ST 1,0,550.5,0,0,0
1503,condo,condo,1,41.885459,-87.783394,7,142 S CUYLER AVE 1,0,483.8,0,0,0
1504,condo,condo,1,41.88551,-87.779042,2,121 PLEASANT ST A,0,1060.3,0,0,0
1505,condo,condo,1,41.885511,-87.779195,2,123 PLEASANT ST A,0,1041.1,0,0,0
1506,condo,condo,1,41.885532,-87.779349,6,125 PLEASANT ST A,0,1016.5,0,0,0
1507,condo,condo,1,41.885618,-87.802861,6,1123 PLEASANT ST 1,0,0.1,1,1,1
1508,condo,condo,1,41.885677,-87.797475,12,135 S KENILWORTH AVE 1,0,448.8,0,0,0
1509,condo,condo,1,41.885835,-87.793999,24,150 S OAK PARK AVE 201,1,88.9,1,1,1
1510,condo,condo,1,41.885964,-87.801193,7,1020 PLEASANT ST 1,0,182.4,1,1,1
1511,condo,condo,1,41.885969,-87.789934,4,124 S EAST AVE 1,0,717.3,0,0,0
1512,condo,condo,1,41.886011,-87.789071,4,122 S EAST AVE 2,0,760.5,0,0,0
1513,condo,condo,1,41.886084,-87.775167,9,320 N AUSTIN BLVD 1,1,581.3,1,1,1
1514,condo,condo,1,41.886106,-87.798981,3,118 S CLINTON AVE 1A,0,611.1,0,0,0
1515,condo,condo,1,41.886178,-87.795426,4,116 S GROVE AVE A,0,211.5,0,1,1
1516,condo,condo,1,41.886186,-87.79837,6,116 S CLINTON AVE 1B,0,519.9,0,0,0
1517,condo,condo,1,41.886271,-87.799081,5,115 CLINTON AVE A,1,574.2,1,1,1
1518,condo,condo,1,41.886305,-87.789865,46,112 S EAST AVE 1,1,660.0,1,1,1
1519,condo,condo,1,41.886341,-87.779379,1,119 S LOMBARD AVE BG4,1,752.9,1,1,1
1520,condo,condo,1,41.886344,-87.787486,8,113 S SCOVILLE AVE 1S,1,320.8,1,1,1
1521,condo,condo,1,41.886359,-87.802736,38,110 S MARION ST 201,1,59.8,1,1,1
1522,condo,condo,1,41.88637,-87.788275,5,111 S SCOVILLE AVE 1N,0,513.0,0,0,0
1523,condo,condo,1,41.886418,-87.79543,2,111 S GROVE AVE 1S,1,127.6,1,1,1
1524,condo,condo,1,41.886425,-87.80066,19,1005 W SOUTH BLVD 201,1,142.7,1,1,1
1525,condo,condo,1,41.886453,-87.796079,3,109 S GROVE AVE 1N,0,169.0,1,1,1
1526,condo,condo,1,41.886473,-87.788214,4,110 S SCOVILLE AVE 1D,0,486.8,0,0,0
1527,condo,condo,1,41.886523,-87.786705,26,109 S ELMWOOD AVE 1,1,118.6,1,1,1
1528,condo,condo,1,41.886553,-87.78823,4,108 S SCOVILLE AVE 1C,0,484.8,0,0,0
1529,condo,condo,1,41.88656,-87.802953,10,1101 SOUTH BLVD 201,1,144.0,1,1,1
1530,condo,condo,1,41.886574,-87.792232,5,655 SOUTH BLVD 101N,1,56.9,1,1,1
1531,condo,condo,1,41.886576,-87.789012,7,108 S EAST AVE 1,1,693.1,1,1,1
1532,condo,condo,1,41.886601,-87.790328,12,615 SOUTH BLVD A,1,496.9,1,1,1
1533,condo,condo,1,41.886638,-87.788219,4,106 S SCOVILLE AVE 1B,0,477.1,0,0,0
1534,condo,condo,1,41.886672,-87.791997,12,651 SOUTH BLVD 1,1,117.1,1,1,1
1535,condo,condo,1,41.886718,-87.784872,116,106 S RIDGELAND AVE 201,1,434.5,1,1,1
1536,condo,condo,1,41.886722,-87.78764,5,104 S SCOVILLE AVE 1A,1,317.8,1,1,1
1537,condo,condo,1,41.886774,-87.775088,24,336 N AUSTIN BLVD 1,1,335.8,1,1,1
1538,condo,condo,1,41.886911,-87.776152,1,44 S HUMPHREY AVE 3,1,352.1,1,1,1
1539,condo,condo,1,41.887459,-87.795286,8,806 NORTH BLVD 201,0,34.2,1,1,1
1540,condo,condo,1,41.887484,-87.802527,1,107 N MARION ST,0,28.5,1,1,1
1541,condo,condo,1,41.887553,-87.799052,25,938 NORTH BLVD 101,0,502.0,0,0,0
1542,condo,condo,1,41.887758,-87.793034,34,101 N EUCLID AVE 1-1,0,265.8,0,1,1
1543,condo,condo,1,41.888009,-87.795397,38,813 LAKE ST 1N,1,183.8,1,1,1
1544,condo,condo,1,41.888225,-87.79947,26,949 LAKE ST 2E,1,239.8,1,1,1
1545,condo,condo,1,41.888307,-87.777912,2,118 N TAYLOR AVE UNIT 118-1,1,432.9,1,1,1
1546,condo,condo,1,41.888313,-87.793041,25,125 N EUCLID AVE 201,1,137.1,1,1,1
1547,condo,condo,1,41.888369,-87.778559,4,122 N TAYLOR AVE UNIT 122-1N,1,416.5,1,1,1
1548,condo,condo,1,41.88845,-87.803498,110,1124 LAKE ST 401,1,42.7,1,1,1
1549,condo,condo,1,41.888471,-87.778522,4,126 N TAYLOR AVE UNIT 126-1N,1,426.3,1,1,1
1550,condo,condo,1,41.8885,-87.795786,7,825 LAKE ST 1N,1,319.7,1,1,1
1551,condo,condo,1,41.888519,-87.779209,4,120 W LAKE ST A,1,242.2,1,1,1
1552,condo,condo,1,41.888711,-87.791404,9,640 LAKE ST 1E,1,317.0,1,1,1
1553,condo,condo,1,41.888724,-87.78501,2,135 N RIDGELAND AVE 1,1,96.4,1,1,1
1554,condo,condo,1,41.888816,-87.784528,8,137 N RIDGELAND AVE 1,1,0.1,1,1,1
1555,condo,condo,1,41.888852,-87.79233,29,140 N EUCLID AVE 201,0,303.1,0,0,1
1556,condo,condo,1,41.889014,-87.784424,7,141 N RIDGELAND AVE 1,1,77.4,1,1,1
1557,condo,condo,1,41.889042,-87.79794,59,151 N KENILWORTH AVE 1A,0,440.5,0,0,0
1558,condo,condo,1,41.88911,-87.785171,7,147 N RIDGELAND AVE 1S,1,79.5,1,1,1
1559,condo,condo,1,41.889158,-87.792311,28,147 N EUCLID AVE 201,0,265.7,0,1,1
1560,condo,condo,1,41.889263,-87.784335,3,149 N RIDGELAND AVE 1N,1,171.0,1,1,1
1561,condo,condo,1,41.889321,-87.793876,45,156 N OAK PARK AVE,1,165.3,1,1,1
1562,condo,condo,1,41.889366,-87.787526,4,152 N SCOVILLE AVE,0,596.5,0,0,0
1563,condo,condo,1,41.889467,-87.797969,34,165 N KENILWORTH AVE 1A,0,478.9,0,0,0
1564,condo,condo,1,41.889669,-87.796388,23,169 N GROVE AVE 1A,0,526.4,0,0,0
1565,condo,condo,1,41.889882,-87.776325,7,164 N HUMPHREY AVE 1S,0,347.7,0,0,1
1566,condo,condo,1,41.889923,-87.777026,9,166 N HUMPHREY AVE 1N,0,398.3,0,0,1
1567,condo,condo,1,41.889928,-87.79866,5,921 ONTARIO ST,0,451.2,0,0,0
1568,condo,condo,1,41.88995,-87.793555,6,643 ONTARIO ST 1,0,239.4,0,1,1
1569,condo,condo,1,41.889958,-87.798828,3,927 ONTARIO ST 1E,0,438.3,0,0,0
1570,condo,condo,1,41.890006,-87.799026,3,929 ONTARIO ST 1W,0,433.5,0,0,0
1571,condo,condo,1,41.890026,-87.793809,79,721 ONTARIO ST C1,0,293.6,0,1,1
1572,condo,condo,1,41.890046,-87.802371,12,170 N MARION ST 10,0,398.3,0,0,1
1573,condo,condo,1,41.890097,-87.791571,20,175 LINDEN AVE 1,0,537.4,0,0,0
1574,condo,condo,1,41.890118,-87.802122,34,1033 ONTARIO ST 1A,0,429.1,0,0,0
1575,condo,condo,1,41.890322,-87.802886,2,191 N MARION ST,0,475.6,0,0,0
1576,condo,condo,1,41.890401,-87.795317,1,846 ONTARIO ST B,1,138.3,1,1,1
1577,condo,condo,1,41.890409,-87.799114,28,930 ONTARIO ST,0,568.6,0,0,0
1578,condo,condo,1,41.890413,-87.799421,14,938 ONTARIO ST 1,0,558.7,0,0,0
1579,condo,condo,1,41.890471,-87.798276,53,200 N KENILWORTH AVE 1,0,674.0,0,0,0
1580,condo,condo,1,41.890485,-87.797348,8,206 N KENILWORTH AVE 1,0,622.3,0,0,0
1581,condo,condo,1,41.89053,-87.793561,1,717 ONTARIO ST C4,1,417.5,1,1,1
1582,condo,condo,1,41.890606,-87.796445,26,210 N GROVE AVE 1,0,373.8,0,0,1
1583,condo,condo,1,41.890736,-87.795077,17,208 N OAK PARK AVE 1HH,1,0.1,1,1,1
1584,condo,condo,1,41.890737,-87.795829,3,212 N GROVE AVE 1,0,203.9,0,1,1
1585,condo,condo,1,41.890747,-87.804893,7,1146 ONTARIO ST 1,0,315.2,0,0,1
1586,condo,condo,1,41.890753,-87.803266,3,1112 ONTARIO ST 1E,0,503.6,0,0,0
1587,condo,condo,1,41.890759,-87.803367,4,1114 ONTARIO ST 1W,0,480.9,0,0,0
1588,condo,condo,1,41.890802,-87.80442,13,1136 ONTARIO ST 1A,0,304.0,0,0,1
1589,condo,condo,1,41.890832,-87.798296,71,221 N KENILWORTH AVE 101,0,787.4,0,0,0
1590,condo,condo,1,41.890859,-87.80398,21,1130 ONTARIO ST A1,0,339.2,0,0,1
1591,condo,condo,1,41.890868,-87.796445,3,219 N GROVE AVE 1,0,373.9,0,0,1
1592,condo,condo,1,41.890887,-87.802055,24,1040 ONTARIO ST 2F,0,691.4,0,0,0
1593,condo,condo,1,41.89089,-87.79394,19,214 N OAK PARK AVE 1BB,1,313.1,1,1,1
1594,condo,condo,1,41.890908,-87.795102,123,218 N OAK PARK AVE 1X,1,63.0,1,1,1
1595,condo,condo,1,41.890925,-87.795762,21,222 N GROVE AVE 1A,0,198.1,1,1,1
1596,condo,condo,1,41.891039,-87.796412,3,221 N GROVE AVE 1,0,378.3,0,0,1
1597,condo,condo,1,41.891077,-87.802468,14,211 N MARION ST 1A,0,642.5,0,0,0
1598,condo,condo,1,41.891109,-87.797223,24,224 N KENILWORTH AVE 2A,0,597.3,0,0,0
1599,condo,condo,1,41.891193,-87.795767,4,225 N GROVE AVE 1,0,250.3,0,1,1
1600,condo,condo,1,41.8912,-87.80461,38,501 N HARLEM AVE 1,1,150.8,1,1,1
1601,condo,condo,1,41.891213,-87.796344,4,227 N GROVE AVE 1,0,384.8,0,0,1
1602,condo,condo,1,41.891332,-87.802968,9,221 N MARION ST 1A,0,487.9,0,0,0
1603,condo,condo,1,41.891428,-87.796443,6,304 N GROVE AVE 1A,0,447.8,0,0,0
1604,condo,condo,1,41.891443,-87.795797,13,300 N GROVE AVE 1C,1,323.0,1,1,1
1605,condo,condo,1,41.891509,-87.802615,40,222 N MARION ST,0,574.4,0,0,0
1606,condo,condo,1,41.891543,-87.804093,12,1127 ERIE ST,0,174.3,1,1,1
1607,condo,condo,1,41.891608,-87.795412,3,304 N OAK PARK AVE 1,1,330.1,1,1,1
1608,condo,condo,1,41.891703,-87.794271,10,300 N OAK PARK AVE,1,414.2,1,1,1
1609,condo,condo,1,41.891746,-87.793539,40,719 ERIE ST 2A,0,555.7,0,0,0
1610,condo,condo,1,41.891762,-87.803226,1,1110 W ERIE ST 1F,0,411.8,0,0,0
1611,condo,condo,1,41.891982,-87.803256,3,1108 W ERIE ST 2C,0,422.6,0,0,0
1612,condo,condo,1,41.892216,-87.802396,40,1040 ERIE ST 201,0,634.8,0,0,0
1613,condo,condo,1,41.892218,-87.794205,5,319 N OAK PARK AVE 10,1,588.9,1,1,1
1614,condo,condo,1,41.89222,-87.803586,16,300 N MAPLE AVE 1,0,342.5,0,0,1
1615,condo,condo,1,41.892346,-87.795112,8,325 N OAK PARK AVE 1,1,586.1,1,1,1
1616,condo,condo,1,41.892607,-87.803685,7,318 N MAPLE AVE 1N,0,311.5,0,0,1
1617,condo,condo,1,41.89268,-87.802547,5,319 N MARION ST 7,0,468.6,0,0,0
1618,condo,condo,1,41.892821,-87.80264,5,323 N MARION ST 5,0,417.8,0,0,0
1619,condo,condo,1,41.892944,-87.802516,6,331 N MARION ST 1,0,372.7,0,0,1
1620,condo,condo,1,41.893153,-87.793931,2,726 SUPERIOR ST 1,1,932.9,1,1,1
1621,condo,condo,1,41.893258,-87.802204,4,1038 SUPERIOR ST 1E,0,254.0,0,1,1
1622,condo,condo,1,41.893265,-87.803126,13,403 N MARION ST 1A,0,297.4,0,1,1
1623,condo,condo,1,41.893644,-87.802495,9,412 N MARION ST 1A,1,119.2,1,1,1
1624,condo,condo,1,41.893798,-87.775437,10,714 N AUSTIN BLVD 1NE,1,245.4,1,1,1
1625,condo,condo,1,41.89394,-87.775451,10,720 N AUSTIN BLVD 1NE,1,194.0,1,1,1
1626,condo,condo,1,41.89397,-87.793242,13,426 EUCLID AVE 1N,0,1277.8,0,0,0
1627,condo,condo,1,41.894014,-87.804211,33,1133 CHICAGO AVE 2E,1,69.0,1,1,1
1628,condo,condo,1,41.894183,-87.779687,3,427 N LOMBARD AVE 1,0,384.6,0,0,1
1629,condo,condo,1,41.894233,-87.793254,19,432 EUCLID AVE 1E,0,1365.4,0,0,0
1630,condo,condo,1,41.894233,-87.792468,6,430 EUCLID AVE 1E,0,1456.0,0,0,0
1631,condo,condo,1,41.894294,-87.779676,6,429 N LOMBARD AVE 1,0,351.6,0,0,1
1632,condo,condo,1,41.894297,-87.781257,12,426 N HARVEY AVE 1NE,1,299.4,1,1,1
1633,condo,condo,1,41.894338,-87.783631,18,301 W CHICAGO AVE 1CE,1,231.4,1,1,1
1634,condo,condo,1,41.89439,-87.779676,4,433 N LOMBARD AVE 1,0,326.4,0,0,1
1635,condo,condo,1,41.894458,-87.781976,7,436 N HARVEY AVE 1,0,168.6,1,1,1
1636,condo,condo,1,41.894479,-87.779675,24,435 N LOMBARD AVE 1,1,304.5,1,1,1
1637,condo,condo,1,41.894486,-87.780997,3,219 W CHICAGO AVE 1,1,302.8,1,1,1
1638,condo,condo,1,41.894489,-87.780723,9,207 W CHICAGO AVE 1,1,366.0,1,1,1
1639,condo,condo,1,41.894805,-87.780256,5,201 W CHICAGO AVE G,1,398.6,1,1,1
1640,condo,condo,1,41.894807,-87.783478,8,300 CHICAGO AVE 1N,1,138.1,1,1,1
1641,condo,condo,1,41.894818,-87.783683,6,306 CHICAGO AVE 1N,1,193.6,1,1,1
1642,condo,condo,1,41.894872,-87.780924,3,217 W CHICAGO AVE 1,1,271.5,1,1,1
1643,condo,condo,1,41.894878,-87.78142,6,227 W CHICAGO AVE 1,1,138.3,1,1,1
1644,condo,condo,1,41.894898,-87.782625,5,254 CHICAGO AVE A,1,71.2,1,1,1
1645,condo,condo,1,41.894944,-87.779485,6,120 W CHICAGO AVE A,1,184.0,1,1,1
1646,condo,condo,1,41.895163,-87.777091,6,511 N HUMPHREY AVE 1E,1,62.2,1,1,1
1647,condo,condo,1,41.895408,-87.775517,10,820 N AUSTIN BLVD 1E,1,203.7,1,1,1
1648,condo,condo,1,41.895544,-87.775545,10,824 N AUSTIN BLVD 1E,1,249.8,1,1,1
1649,condo,condo,1,41.895636,-87.804976,9,833 N HARLEM AVE 1C,1,442.4,1,1,1
1650,condo,condo,1,41.895679,-87.775525,10,828 N AUSTIN BLVD 1E,1,299.0,1,1,1
1651,condo,condo,1,41.896089,-87.804937,25,1135 SCHNEIDER AVE,0,604.3,0,0,0
1652,condo,condo,1,41.896495,-87.801011,2,611 FOREST AVE A,0,875.7,0,0,0
1653,condo,condo,1,41.897125,-87.775585,27,914 N AUSTIN BLVD A1,1,806.3,1,1,1
1654,condo,condo,1,41.898101,-87.804972,6,1001 N HARLEM AVE A,1,1072.7,1,1,1
1655,condo,condo,1,41.898277,-87.805091,6,1005 N HARLEM AVE A,1,1009.1,1,1,1
1656,condo,condo,1,41.898744,-87.775518,7,1010 N AUSTIN BLVD 1N,1,1393.1,1,1,1
1657,condo,condo,1,41.898825,-87.795143,1,719 N OAK PARK AVE 1A,1,2597.6,1,1,1
1658,condo,condo,1,41.899309,-87.805139,33,1037 N HARLEM AVE 1SA,1,634.5,1,1,1
1659,condo,condo,1,41.899434,-87.775513,7,1030 N AUSTIN BLVD,1,1643.2,1,1,1
1660,condo,condo,1,41.89996,-87.804954,39,1120 W THOMAS ST 101,1,396.1,1,1,1
1661,condo,condo,1,41.900041,-87.795177,1,803 N OAK PARK AVE 3,1,2681.6,1,1,1
1662,condo,condo,1,41.900139,-87.805041,26,1111 N HARLEM AVE 1A,1,331.3,1,1,1
1663,condo,condo,1,41.900269,-87.805052,24,1115 N HARLEM AVE 1A,1,284.2,1,1,1
1664,condo,condo,1,41.901904,-87.805216,9,1205 N HARLEM AVE 1,1,83.8,1,1,1
1665,condo,condo,1,41.90212,-87.805216,8,1209 N HARLEM AVE 1,1,135.6,1,1,1
1666,condo,condo,1,41.902219,-87.804989,2,1217 N HARLEM AVE 2,1,148.4,1,1,1
1667,condo,condo,1,41.903528,-87.805099,10,1301 N HARLEM AVE 1,1,625.7,1,1,1
1668,condo,condo,1,41.90393,-87.805133,18,1309 N HARLEM AVE 1C,1,772.3,1,1,1
1669,condo,condo,1,41.904513,-87.805211,17,1329 N HARLEM AVE 1,1,985.5,1,1,1
1670,condo,condo,1,41.904782,-87.805108,10,1339 N HARLEM AVE 1,1,1062.1,1,1,1
1671,condo,condo,1,41.904944,-87.805154,15,1341 N HARLEM AVE 1,1,1002.7,1,1,1
1672,condo,condo,1,41.906003,-87.775836,2,1402 N AUSTIN BLVD 1,1,1093.5,1,1,1
1673,townhome,townhome,1,41.90236103,-87.7755371,1,2 DIVISION ST,1,2420.5,1,1,1
1674,townhome,townhome,1,41.90231463,-87.77553579,1,4 DIVISION ST,1,2437.4,1,1,1
1675,townhome,townhome,1,41.90226438,-87.77553438,1,6 DIVISION ST,1,2455.6,1,1,1
1676,townhome,townhome,1,41.90218406,-87.77553212,1,8 DIVISION ST,1,2484.8,1,1,1
1677,townhome,townhome,1,41.90216887,-87.77564111,1,10 DIVISION ST,1,2488.0,1,1,1
1678,townhome,townhome,1,41.90211468,-87.77572824,1,12 DIVISION ST,1,2506.0,1,1,1
1679,townhome,townhome,1,41.90211368,-87.77579152,1,14 DIVISION ST,1,2505.3,1,1,1
1680,townhome,townhome,1,41.90211273,-87.77585186,1,16 DIVISION ST,1,2504.8,1,1,1
1681,townhome,townhome,1,41.90211174,-87.77591511,1,18 DIVISION ST,1,2504.3,1,1,1
1682,townhome,townhome,1,41.89525057,-87.77967284,1,514 N LOMBARD AVE,1,248.4,1,1,1
1683,townhome,townhome,3,41.90687205,-87.80535656,3,1447 N HARLEM AVE C,1,301.4,1,1,1
1684,townhome,townhome,3,41.90687141,-87.80516964,3,1445 N HARLEM AVE C,1,301.8,1,1,1
1685,townhome,townhome,3,41.90673265,-87.80534814,3,1441 N HARLEM AVE A,1,351.9,1,1,1
1686,townhome,townhome,3,41.9067357,-87.80515051,3,1443 N HARLEM AVE A,1,351.5,1,1,1
1687,townhome,townhome,3,41.90552472,-87.80531026,3,1407 N HARLEM AVE C,1,791.0,1,1,1
1688,townhome,townhome,3,41.90552918,-87.80510462,3,1405 N HARLEM AVE C,1,790.5,1,1,1
1689,townhome,townhome,3,41.90538822,-87.80530851,3,1401 N HARLEM AVE A,1,840.6,1,1,1
1690,townhome,townhome,3,41.90538832,-87.80510054,3,1403 N HARLEM AVE A,1,841.7,1,1,1
1691,townhome,townhome,3,41.90584277,-87.8053172,3,1417 N HARLEM AVE C,1,675.3,1,1,1
1692,townhome,townhome,3,41.9058464,-87.80512514,3,1413 N HARLEM AVE C,1,674.9,1,1,1
1693,townhome,townhome,3,41.90568909,-87.8053089,3,1409 N HARLEM AVE A,1,731.1,1,1,1
1694,townhome,townhome,3,41.90568996,-87.80511269,3,1411 N HARLEM AVE A,1,731.9,1,1,1
1695,townhome,townhome,3,41.90601786,-87.80531576,3,1419 N HARLEM AVE C,1,611.5,1,1,1
1696,townhome,townhome,3,41.9060227,-87.80512954,3,1421 N HARLEM AVE A,1,610.8,1,1,1
1697,townhome,townhome,3,41.90653253,-87.805345,3,1437 N HARLEM AVE A,1,424.6,1,1,1
1698,townhome,townhome,3,41.90653982,-87.8051475,3,1439 N HARLEM AVE A,1,422.6,1,1,1
1699,townhome,townhome,3,41.90631239,-87.80533725,3,1427 N HARLEM AVE A,1,504.5,1,1,1
1700,townhome,townhome,3,41.90631421,-87.80513947,3,1429 N HARLEM AVE A,1,504.7,1,1,1
1701,townhome,townhome,3,41.90613581,-87.80532436,3,1423 N HARLEM AVE A,1,568.7,1,1,1
1702,townhome,townhome,3,41.90615422,-87.80513183,3,1425 N HARLEM AVE A,1,562.9,1,1,1
1703,townhome,townhome,2,41.90221597,-87.80517874,2,1215 N HARLEM AVE A,1,161.1,1,1,1
1704,townhome,townhome,4,41.90221867,-87.80498899,4,1217 N HARLEM AVE C,1,148.3,1,1,1
1705,townhome,townhome,3,41.9023954,-87.80518756,3,1221 N HARLEM AVE A,1,222.9,1,1,1
1706,townhome,townhome,3,41.9023981,-87.80499781,3,1223 N HARLEM AVE A,1,213.5,1,1,1
1707,townhome,townhome,6,41.90062366,-87.80503589,6,1125 N HARLEM AVE A,1,155.2,1,1,1
1708,townhome,townhome,6,41.90048896,-87.80503461,6,1121 N HARLEM AVE A,1,204.0,1,1,1
1709,townhome,townhome,3,41.89845837,-87.80505681,3,1011 N HARLEM AVE A,1,942.9,1,1,1
1710,townhome,townhome,3,41.89845954,-87.80493495,3,1013 N HARLEM AVE A,1,942.3,1,1,1
1711,townhome,townhome,3,41.89827678,-87.80509097,3,1007 N HARLEM AVE A,1,1009.2,1,1,1
1712,townhome,townhome,3,41.89828114,-87.80490141,3,1009 N HARLEM AVE A,1,1007.4,1,1,1
1713,townhome,townhome,1,41.89943926,-87.80417821,1,741 N MARION ST,0,624.6,0,0,0
1714,townhome,townhome,1,41.89950109,-87.80414838,1,743 N MARION ST,0,606.5,0,0,0
1715,townhome,townhome,1,41.89661625,-87.80510687,1,1154 SCHNEIDER AVE,0,800.5,0,0,0
1716,townhome,townhome,1,41.89661584,-87.80501759,1,1150 SCHNEIDER AVE,0,797.3,0,0,0
1717,townhome,townhome,1,41.89661551,-87.8049453,1,1146 SCHNEIDER AVE,0,795.3,0,0,0
1718,townhome,townhome,1,41.89661521,-87.80488025,1,1142 SCHNEIDER AVE,0,793.9,0,0,0
1719,townhome,townhome,1,41.89662529,-87.80472357,1,1136 SCHNEIDER AVE,0,796.0,0,0,0
1720,townhome,townhome,1,41.89662495,-87.80464883,1,1132 SCHNEIDER AVE,0,795.9,0,0,0
1721,townhome,townhome,1,41.89662457,-87.80456686,1,1128 SCHNEIDER AVE,0,796.5,0,0,0
1722,townhome,townhome,1,41.89644156,-87.80508472,1,1152 SCHNEIDER AVE,0,736.7,0,0,0
1723,townhome,townhome,1,41.89644132,-87.80503168,1,1148 SCHNEIDER AVE,0,734.7,0,0,0
1724,townhome,townhome,1,41.89644093,-87.80494729,1,1144 SCHNEIDER AVE,0,732.0,0,0,0
1725,townhome,townhome,1,41.89644056,-87.80486532,1,1140 SCHNEIDER AVE,0,730.2,0,0,0
1726,townhome,townhome,1,41.89643455,-87.80471558,1,1134 SCHNEIDER AVE,0,726.6,0,0,0
1727,townhome,townhome,1,41.89643606,-87.80465288,1,1130 SCHNEIDER AVE,0,727.2,0,0,0
1728,townhome,townhome,1,41.89643567,-87.8045685,1,1126 SCHNEIDER AVE,0,727.8,0,0,0
1729,townhome,townhome,1,41.89514469,-87.80500659,1,825 N HARLEM AVE,1,270.5,1,1,1
1730,townhome,townhome,1,41.89509239,-87.80500702,1,823 N HARLEM AVE,1,252.5,1,1,1
1731,townhome,townhome,1,41.89504684,-87.80500739,1,821 N HARLEM AVE,1,237.0,1,1,1
1732,townhome,townhome,1,41.89499286,-87.80500784,1,819 N HARLEM AVE,1,218.8,1,1,1
1733,townhome,townhome,1,41.89493209,-87.80500156,1,817 N HARLEM AVE,1,197.9,1,1,1
1734,townhome,townhome,1,41.8948781,-87.80499974,1,815 N HARLEM AVE,1,180.0,1,1,1
1735,townhome,townhome,1,41.89481228,-87.80499351,1,813 N HARLEM AVE,1,158.2,1,1,1
1736,townhome,townhome,1,41.89314096,-87.80417152,1,1118 SUPERIOR ST,0,228.6,0,1,1
1737,townhome,townhome,1,41.89317901,-87.80425926,1,1120 SUPERIOR ST,0,201.2,0,1,1
1738,townhome,townhome,1,41.89313819,-87.80433798,1,1122 SUPERIOR ST,0,189.0,1,1,1
1739,townhome,townhome,1,41.89042703,-87.79999626,1,206 FOREST AVE,0,565.7,0,0,0
1740,townhome,townhome,1,41.89034564,-87.80000046,1,204 FOREST AVE,0,537.0,0,0,0
1741,townhome,townhome,1,41.89028525,-87.80000096,1,202 FOREST AVE,0,516.0,0,0,0
1742,townhome,townhome,1,41.89023235,-87.79999757,1,200 FOREST AVE,0,498.0,0,0,0
1743,townhome,townhome,3,41.89075731,-87.79647009,3,215 N GROVE AVE A,0,377.7,0,0,1
1744,townhome,townhome,4,41.89086772,-87.79644468,4,217 N GROVE AVE A,0,373.8,0,0,1
1745,townhome,townhome,1,41.89045921,-87.80252668,1,198 N MARION ST,0,537.4,0,0,0
1746,townhome,townhome,1,41.89040742,-87.80252511,1,196 N MARION ST,0,519.1,0,0,0
1747,townhome,townhome,1,41.89032733,-87.80252412,1,194 N MARION ST,0,490.7,0,0,0
1748,townhome,townhome,1,41.89027112,-87.80252242,1,192 N MARION ST,0,471.0,0,0,0
1749,townhome,townhome,1,41.89021772,-87.8025208,1,190 N MARION ST,0,452.3,0,0,0
1750,townhome,townhome,1,41.89016272,-87.80251914,1,188 N MARION ST,0,433.1,0,0,0
1751,townhome,townhome,1,41.89009889,-87.80250415,1,186 N MARION ST,0,411.9,0,0,0
1752,townhome,townhome,1,41.89003291,-87.80251005,1,184 N MARION ST,0,388.5,0,0,1
1753,townhome,townhome,1,41.88997831,-87.8025084,1,182 N MARION ST,0,369.7,0,0,1
1754,townhome,townhome,1,41.88992451,-87.80250677,1,180 N MARION ST,0,351.4,0,0,1
1755,townhome,townhome,1,41.88984538,-87.80250704,1,178 N MARION ST,0,324.4,0,0,1
1756,townhome,townhome,1,41.88979158,-87.80250542,1,176 N MARION ST,0,306.5,0,0,1
1757,townhome,townhome,1,41.88973697,-87.80250377,1,174 N MARION ST,0,288.4,0,1,1
1758,townhome,townhome,1,41.88969113,-87.80250136,1,172 N MARION ST,0,272.1,0,1,1
1759,townhome,townhome,1,41.88803812,-87.79739333,1,121 N KENILWORTH AVE,1,381.3,1,1,1
1760,townhome,townhome,1,41.88796326,-87.79738915,1,119 N KENILWORTH AVE,0,371.0,0,0,1
1761,townhome,townhome,1,41.88790266,-87.79737527,1,117 N KENILWORTH AVE,0,361.2,0,0,1
1762,townhome,townhome,1,41.88784207,-87.79738537,1,115 N KENILWORTH AVE,0,359.0,0,0,1
1763,townhome,townhome,1,41.89059341,-87.78516827,1,205 N RIDGELAND AVE,1,595.5,1,1,1
1764,townhome,townhome,1,41.89053735,-87.78516636,1,203 N RIDGELAND AVE,1,575.2,1,1,1
1765,townhome,townhome,1,41.88835571,-87.79127363,1,139 LAKE TER,1,199.7,1,1,1
1766,townhome,townhome,1,41.8883555,-87.79122776,1,141 FRANCISCO TER,1,189.9,1,1,1
1767,townhome,townhome,1,41.88829177,-87.79129246,1,137 FRANCISCO TER,0,190.8,1,1,1
1768,townhome,townhome,1,41.88822103,-87.79129006,1,135 FRANCISCO TER,0,178.3,1,1,1
1769,townhome,townhome,1,41.88817756,-87.79128413,1,133 FRANCISCO TER,0,170.9,1,1,1
1770,townhome,townhome,1,41.88811134,-87.79127869,1,131 FRANCISCO TER,0,163.1,1,1,1
1771,townhome,townhome,1,41.88805884,-87.79127914,1,129 FRANCISCO TER,0,149.8,1,1,1
1772,townhome,townhome,1,41.88799718,-87.79127966,1,127 FRANCISCO TER,0,128.9,1,1,1
1773,townhome,townhome,1,41.88799442,-87.79117564,1,125 FRANCISCO TER,1,132.2,1,1,1
1774,townhome,townhome,1,41.88835511,-87.79114501,1,140 FRANCISCO TER,1,173.2,1,1,1
1775,townhome,townhome,1,41.88835463,-87.79104427,1,138 LAKE TER,0,154.7,1,1,1
1776,townhome,townhome,1,41.88828124,-87.79103362,1,136 LAKE TER,1,132.8,1,1,1
1777,townhome,townhome,1,41.8882152,-87.79103616,1,134 LAKE TER,1,117.5,1,1,1
1778,townhome,townhome,1,41.88817329,-87.79103609,1,132 FRANCISCO TER,1,109.0,1,1,1
1779,townhome,townhome,1,41.88812327,-87.79103476,1,130 FRANCISCO TER,1,100.7,1,1,1
1780,townhome,townhome,1,41.8880667,-87.79102512,1,128 FRANCISCO TER,1,92.5,1,1,1
1781,townhome,townhome,1,41.88800967,-87.7910256,1,126 LAKE TER,1,91.3,1,1,1
1782,townhome,townhome,1,41.88837224,-87.79043548,1,140 PERCY JULIAN SQ,1,144.9,1,1,1
1783,townhome,townhome,1,41.88833807,-87.79043576,1,138 PERCY JULIAN SQ,1,134.0,1,1,1
1784,townhome,townhome,1,41.88829079,-87.7904296,1,136 PERCY JULIAN SQ,1,120.6,1,1,1
1785,townhome,townhome,1,41.88824838,-87.79043165,1,134 PERCY JULIAN SQ,1,108.0,1,1,1
1786,townhome,townhome,1,41.88821309,-87.79043823,1,132 PERCY JULIAN SQ,1,97.3,1,1,1
1787,townhome,townhome,1,41.88817356,-87.79043716,1,130 PERCY JULIAN SQ,1,87.8,1,1,1
1788,townhome,townhome,1,41.88836184,-87.79015103,1,141 WRIGHT LN,1,191.3,1,1,1
1789,townhome,townhome,1,41.88833434,-87.79014826,1,139 WRIGHT LN,1,185.5,1,1,1
1790,townhome,townhome,1,41.88828637,-87.79014867,1,137 WRIGHT LN,1,175.3,1,1,1
1791,townhome,townhome,1,41.88822707,-87.79014917,1,135 WRIGHT LN,0,164.3,1,1,1
1792,townhome,townhome,1,41.88819279,-87.79014946,1,133 WRIGHT LN,0,158.9,1,1,1
1793,townhome,townhome,1,41.88815624,-87.79014977,1,131 WRIGHT LN,0,154.1,1,1,1
1794,townhome,townhome,1,41.88812196,-87.79015006,1,129 WRIGHT LN,0,150.6,1,1,1
1795,townhome,townhome,1,41.88808316,-87.79015039,1,127 WRIGHT LN,1,147.7,1,1,1
1796,townhome,townhome,1,41.88805577,-87.79015062,1,125 WRIGHT LN,1,146.4,1,1,1
1797,townhome,townhome,1,41.8880078,-87.79015103,1,123 WRIGHT LN,1,145.9,1,1,1
1798,townhome,townhome,1,41.88796212,-87.79015741,1,121 WRIGHT LN,1,145.7,1,1,1
1799,townhome,townhome,1,41.88835238,-87.78986095,1,140 WRIGHT LN,0,254.6,0,1,1
1800,townhome,townhome,1,41.88830667,-87.78986134,1,138 WRIGHT LN,0,247.1,0,1,1
1801,townhome,townhome,1,41.88828155,-87.78986155,1,136 WRIGHT LN,0,243.4,0,1,1
1802,townhome,townhome,1,41.88822905,-87.789862,1,134 WRIGHT LN,0,236.5,0,1,1
1803,townhome,townhome,1,41.88819473,-87.7898533,1,132 WRIGHT LN,0,235.1,0,1,1
1804,townhome,townhome,1,41.88814676,-87.7898537,1,130 WRIGHT LN,0,230.9,0,1,1
1805,townhome,townhome,1,41.88810795,-87.78985403,1,128 WRIGHT LN,0,228.5,0,1,1
1806,townhome,townhome,1,41.88806234,-87.78985442,1,126 WRIGHT LN,0,226.7,0,1,1
1807,townhome,townhome,1,41.88802116,-87.78985477,1,124 WRIGHT LN,0,226.1,0,1,1
1808,townhome,townhome,1,41.88796637,-87.78984893,1,122 WRIGHT LN,0,228.6,0,1,1
1809,townhome,townhome,1,41.88751306,-87.7898524,1,100 WRIGHT LN,0,292.7,0,1,1
1810,townhome,townhome,1,41.88755653,-87.78985803,1,102 WRIGHT LN,0,281.8,0,1,1
1811,townhome,townhome,1,41.88759309,-87.78986072,1,104 WRIGHT LN,0,273.4,0,1,1
1812,townhome,townhome,1,41.88763869,-87.78986033,1,106 WRIGHT LN,0,264.4,0,1,1
1813,townhome,townhome,1,41.88768215,-87.78986296,1,108 WRIGHT LN,0,255.7,0,1,1
1814,townhome,townhome,1,41.8877324,-87.78986583,1,110 WRIGHT LN,0,246.7,0,1,1
1815,townhome,townhome,1,41.88777579,-87.78987446,1,112 WRIGHT LN,0,238.2,0,1,1
1816,townhome,townhome,1,41.8878009,-87.78987425,1,114 WRIGHT LN,0,235.0,0,1,1
1817,townhome,townhome,1,41.88784661,-87.78987386,1,116 WRIGHT LN,0,229.9,0,1,1
1818,townhome,townhome,1,41.8875098,-87.79012137,1,101 WRIGHT LN,0,241.7,0,1,1
1819,townhome,townhome,1,41.88754866,-87.79013033,1,103 WRIGHT LN,0,229.3,0,1,1
1820,townhome,townhome,1,41.88760116,-87.79012989,1,105 WRIGHT LN,0,215.4,0,1,1
1821,townhome,townhome,1,41.88764692,-87.79014179,1,107 WRIGHT LN,0,201.5,0,1,1
1822,townhome,townhome,1,41.88768573,-87.79014147,1,109 WRIGHT LN,0,192.3,1,1,1
1823,townhome,townhome,1,41.88773824,-87.79014102,1,111 WRIGHT LN,0,180.9,1,1,1
1824,townhome,townhome,1,41.88778168,-87.79014065,1,113 WRIGHT LN,0,172.4,1,1,1
1825,townhome,townhome,1,41.88782502,-87.79014029,1,115 WRIGHT LN,0,165.1,1,1,1
1826,townhome,townhome,1,41.88784514,-87.79099941,1,115 BISHOP QUARTER LN,1,105.9,1,1,1
1827,townhome,townhome,1,41.88779253,-87.79099985,1,113 BISHOP QUARTER LN,1,118.5,1,1,1
1828,townhome,townhome,1,41.88774693,-87.79100024,1,111 BISHOP QUARTER LN,1,129.1,1,1,1
1829,townhome,townhome,1,41.88769431,-87.79099769,1,109 BISHOP QUARTER LN,1,127.2,1,1,1
1830,townhome,townhome,1,41.88763261,-87.79098921,1,107 BISHOP QUARTER LN,0,129.9,1,1,1
1831,townhome,townhome,1,41.88759153,-87.79098956,1,105 BISHOP QUARTER LN,0,132.3,1,1,1
1832,townhome,townhome,1,41.887539,-87.79098371,1,103 BISHOP QUARTER LN,0,139.3,1,1,1
1833,townhome,townhome,1,41.88748187,-87.79098419,1,101 BISHOP QUARTER LN,0,147.6,1,1,1
1834,townhome,townhome,1,41.88749118,-87.79053768,1,100 BISHOP QUARTER LN,0,197.4,1,1,1
1835,townhome,townhome,1,41.88754151,-87.79055554,1,102 BISHOP QUARTER LN,0,178.5,1,1,1
1836,townhome,townhome,1,41.88760314,-87.79054902,1,104 BISHOP QUARTER LN,0,157.0,1,1,1
1837,townhome,townhome,1,41.88764885,-87.79054864,1,106 BISHOP QUARTER LN,1,141.0,1,1,1
1838,townhome,townhome,1,41.88770363,-87.79055117,1,108 BISHOP QUARTER LN,1,121.7,1,1,1
1839,townhome,townhome,1,41.88774935,-87.79055378,1,110 BISHOP QUARTER LN,1,105.7,1,1,1
1840,townhome,townhome,1,41.88779959,-87.79055336,1,112 BISHOP QUARTER LN,1,88.8,1,1,1
1841,townhome,townhome,1,41.88784756,-87.79055295,1,114 BISHOP QUARTER LN,1,73.4,1,1,1
1842,townhome,townhome,10,41.88637349,-87.80037222,10,111 S HOME AVE 1,1,222.4,1,1,1
1843,townhome,townhome,1,41.88642545,-87.80065965,1,111 HOME AVE 8,1,142.7,1,1,1
1844,townhome,townhome,1,41.88664563,-87.8002939,1,101 HOME AVE,1,249.9,1,1,1
1845,townhome,townhome,1,41.88661978,-87.8003009,1,103 HOME AVE,1,245.8,1,1,1
1846,townhome,townhome,1,41.88653869,-87.80032263,1,105 HOME AVE,1,234.9,1,1,1
1847,townhome,townhome,1,41.8865128,-87.80032013,1,107 HOME AVE,1,234.7,1,1,1
1848,townhome,townhome,1,41.88645797,-87.80031515,1,109 HOME AVE,1,235.4,1,1,1
1849,townhome,townhome,1,41.88628941,-87.80029618,1,115 HOME AVE,1,248.9,1,1,1
1850,townhome,townhome,1,41.88670024,-87.79981469,1,100 HOME AVE,1,380.7,1,1,1
1851,townhome,townhome,1,41.88664216,-87.79981518,1,102 HOME AVE,1,376.4,1,1,1
1852,townhome,townhome,1,41.88651889,-87.79984537,1,106 HOME AVE,1,363.2,1,1,1
1853,townhome,townhome,1,41.88645113,-87.79984593,1,108 HOME AVE,1,362.6,1,1,1
1854,townhome,townhome,5,41.88661724,-87.79761597,5,907 SOUTH BLVD 1,1,280.5,1,1,1
1855,townhome,townhome,3,41.88455591,-87.80432312,3,221 S MAPLE AVE A,0,435.5,0,0,0
1856,townhome,townhome,3,41.88455751,-87.8045159,3,223 S MAPLE AVE A,0,462.2,0,0,0
1857,townhome,townhome,3,41.88444417,-87.80431865,3,225 S MAPLE AVE A,0,471.0,0,0,0
1858,townhome,townhome,3,41.88443501,-87.80451646,3,227 S MAPLE AVE A,0,499.8,0,0,0
1859,townhome,townhome,3,41.88428451,-87.80450267,3,231 S MAPLE AVE C,0,545.5,0,0,0
1860,townhome,townhome,3,41.88428848,-87.80431311,3,229 S MAPLE AVE C,0,521.9,0,0,0
1861,townhome,townhome,6,41.88385141,-87.8044178,6,243 S MAPLE AVE,0,680.3,0,0,0
1862,townhome,townhome,6,41.88428984,-87.80360839,6,228 S MAPLE AVE A,0,435.8,0,0,0
1863,townhome,townhome,6,41.88445222,-87.80361788,6,226 S MAPLE AVE B,0,386.6,0,0,1
1864,townhome,townhome,12,41.8841821,-87.80308128,12,235 S MARION ST A,0,420.6,0,0,0
1865,townhome,townhome,1,41.88534603,-87.79834077,1,200 CLINTON AVE,0,689.2,0,0,0
1866,townhome,townhome,1,41.88523153,-87.79834656,1,204 CLINTON AVE,0,721.0,0,0,0
1867,townhome,townhome,1,41.88517967,-87.79834014,1,206 CLINTON AVE,0,734.2,0,0,0
1868,townhome,townhome,1,41.88513197,-87.79832938,1,208 CLINTON AVE,0,745.7,0,0,0
1869,townhome,townhome,1,41.88350792,-87.79739761,1,249 S KENILWORTH AVE,0,1189.3,0,0,0
1870,townhome,townhome,1,41.88257469,-87.80425733,1,317 S MAPLE AVE,0,743.4,0,0,0
1871,townhome,townhome,1,41.88250558,-87.8042369,1,319 S MAPLE AVE,0,718.3,0,0,0
1872,townhome,townhome,6,41.88247376,-87.80361727,6,320 S MAPLE AVE A,0,730.5,0,0,0
1873,townhome,townhome,1,41.88219566,-87.8009225,1,331 CHESTNUT LN,0,965.5,0,0,0
1874,townhome,townhome,1,41.88224977,-87.80092924,1,329 CHESTNUT LN,0,982.5,0,0,0
1875,townhome,townhome,1,41.88230804,-87.80092848,1,327 CHESTNUT LN,0,1001.7,0,0,0
1876,townhome,townhome,1,41.88237951,-87.80092614,1,325 CHESTNUT LN,0,1025.6,0,0,0
1877,townhome,townhome,1,41.88244542,-87.8009309,1,323 CHESTNUT LN,0,1047.0,0,0,0
1878,townhome,townhome,1,41.88250865,-87.80093259,1,321 CHESTNUT LN,0,1056.0,0,0,0
1879,townhome,townhome,1,41.88256609,-87.80093461,1,319 CHESTNUT LN,0,1036.4,0,0,0
1880,townhome,townhome,1,41.88257468,-87.80106653,1,1021 WALNUT WAY,0,1020.6,0,0,0
1881,townhome,townhome,1,41.88256958,-87.80114999,1,1023 WALNUT WAY,0,1014.8,0,0,0
1882,townhome,townhome,1,41.88257,-87.80123734,1,1025 WALNUT WAY,0,1007.3,0,0,0
1883,townhome,townhome,1,41.88256893,-87.80131469,1,1027 WALNUT WAY,0,1001.5,0,0,0
1884,townhome,townhome,1,41.8825625,-87.80148442,1,318 PENNSYLVANIA WAY,0,991.7,0,0,0
1885,townhome,townhome,1,41.88249918,-87.80148037,1,320 PENNSYLVANIA WAY,0,1014.3,0,0,0
1886,townhome,townhome,1,41.88243533,-87.80147707,1,322 PENNSYLVANIA WAY,0,993.0,0,0,0
1887,townhome,townhome,1,41.88237256,-87.80147551,1,324 PENNSYLVANIA WAY,0,971.2,0,0,0
1888,townhome,townhome,1,41.88230929,-87.80147487,1,326 PENNSYLVANIA WAY,0,949.2,0,0,0
1889,townhome,townhome,1,41.88225215,-87.80147197,1,328 PENNSYLVANIA WAY,0,929.6,0,0,0
1890,townhome,townhome,1,41.88218931,-87.80147638,1,330 PENNSYLVANIA WAY,0,907.4,0,0,0
1891,townhome,townhome,1,41.88216542,-87.80130494,1,1026 CEDAR CT,0,914.3,0,0,0
1892,townhome,townhome,1,41.88216564,-87.80122083,1,1024 CEDAR CT,0,922.7,0,0,0
1893,townhome,townhome,1,41.88217336,-87.80113376,1,1022 CEDAR CT,0,934.3,0,0,0
1894,townhome,townhome,1,41.88217669,-87.80105324,1,1020 CEDAR CT,0,944.2,0,0,0
1895,townhome,townhome,1,41.88214011,-87.79594536,1,331 S GROVE AVE,0,806.8,0,0,0
1896,townhome,townhome,1,41.88218484,-87.79595176,1,329 S GROVE AVE,0,822.6,0,0,0
1897,townhome,townhome,5,41.88087902,-87.80261074,5,413 WISCONSIN AVE,0,389.4,0,0,1
1898,townhome,townhome,7,41.88107256,-87.80279709,7,407 WISCONSIN AVE A,0,452.9,0,0,0
1899,townhome,townhome,1,41.88005742,-87.80210326,1,1046 SUSAN COLLIN LN,1,137.2,1,1,1
1900,townhome,townhome,1,41.88007245,-87.80202503,1,1044 SUSAN COLLIN LN,0,157.2,1,1,1
1901,townhome,townhome,1,41.88007106,-87.801962,1,1042 SUSAN COLLIN LN,0,170.8,1,1,1
1902,townhome,townhome,1,41.88008146,-87.80189177,1,1040 SUSAN COLLIN LN,0,189.0,1,1,1
1903,townhome,townhome,1,41.88007754,-87.80181788,1,1038 SUSAN COLLIN LN,1,205.7,1,1,1
1904,townhome,townhome,1,41.88007721,-87.8017452,1,1036 SUSAN COLLIN LN,1,223.2,1,1,1
1905,townhome,townhome,1,41.88007683,-87.80166397,1,1034 SUSAN COLLIN LN,1,243.2,1,1,1
1906,townhome,townhome,1,41.87983638,-87.80139896,1,1030 MADISON ST,1,237.6,1,1,1
1907,townhome,townhome,1,41.879836,-87.80131659,1,1028 MADISON ST,1,225.0,1,1,1
1908,townhome,townhome,1,41.87983569,-87.80124939,1,1026 MADISON ST,1,215.9,1,1,1
1909,townhome,townhome,1,41.87983534,-87.80117352,1,1024 MADISON ST,1,198.6,1,1,1
1910,townhome,townhome,1,41.88006145,-87.80140487,1,1032 ALEXANDER LN,1,298.6,1,1,1
1911,townhome,townhome,1,41.88006109,-87.80132683,1,1030 ALEXANDER LN,1,282.8,1,1,1
1912,townhome,townhome,1,41.88006567,-87.80126827,1,1028 ALEXANDER LN,1,272.7,1,1,1
1913,townhome,townhome,1,41.88006852,-87.8011837,1,1026 ALEXANDER LN,1,258.1,1,1,1
1914,townhome,townhome,1,41.88016156,-87.80143362,1,1031 BALDWIN LN,1,312.8,1,1,1
1915,townhome,townhome,1,41.88017526,-87.80123107,1,1029 BALDWIN LN,1,296.4,1,1,1
1916,townhome,townhome,1,41.88040167,-87.80117915,1,1026 BALDWIN LN,0,358.8,0,0,1
1917,townhome,townhome,1,41.88037617,-87.80126607,1,1028 BALDWIN LN,0,362.3,0,0,1
1918,townhome,townhome,1,41.88037647,-87.80133111,1,1030 BALDWIN LN,0,371.9,0,0,1
1919,townhome,townhome,1,41.8803784,-87.80139829,1,1032 BALDWIN LN,0,360.1,0,0,1
1920,townhome,townhome,1,41.88046713,-87.80140297,1,426 PENNSYLVANIA WAY,0,378.5,0,0,1
1921,townhome,townhome,1,41.88051733,-87.80140472,1,424 PENNSYLVANIA WAY,0,389.9,0,0,1
1922,townhome,townhome,1,41.88058046,-87.8014042,1,422 PENNSYLVANIA WAY,0,405.4,0,0,0
1923,townhome,townhome,1,41.88063553,-87.80140807,1,420 PENNSYLVANIA WAY,0,418.8,0,0,0
1924,townhome,townhome,1,41.88073207,-87.80142488,1,1033 LINCOLN TRL,0,441.6,0,0,0
1925,townhome,townhome,1,41.88073338,-87.80135767,1,1031 LINCOLN TRL,0,454.0,0,0,0
1926,townhome,townhome,1,41.88073308,-87.80129263,1,1029 LINCOLN TRL,0,466.0,0,0,0
1927,townhome,townhome,1,41.88073266,-87.80120159,1,1027 LINCOLN TRL,0,471.2,0,0,0
1928,townhome,townhome,1,41.8805971,-87.80116369,1,1024 BALDWIN LN,0,421.6,0,0,0
1929,townhome,townhome,1,41.88059511,-87.8010835,1,1022 BALDWIN LN,0,413.1,0,0,0
1930,townhome,townhome,1,41.88074919,-87.80105927,1,1023 LINCOLN TRL,0,464.3,0,0,0
1931,townhome,townhome,1,41.88074724,-87.80098775,1,1021 LINCOLN TRL,0,458.5,0,0,0
1932,townhome,townhome,1,41.88074691,-87.80091621,1,1019 LINCOLN TRL,0,454.0,0,0,0
1933,townhome,townhome,1,41.88074978,-87.80083598,1,1017 LINCOLN TRL,0,451.0,0,0,0
1934,townhome,townhome,1,41.88040168,-87.8010487,1,1020 BALDWIN LN,0,343.9,0,0,1
1935,townhome,townhome,1,41.8803705,-87.80095791,1,1018 BALDWIN LN,0,324.7,0,0,1
1936,townhome,townhome,1,41.8803718,-87.8008907,1,1016 BALDWIN LN,0,319.7,0,0,1
1937,townhome,townhome,1,41.88037629,-87.80081045,1,1014 BALDWIN LN,0,316.0,0,0,1
1938,townhome,townhome,1,41.88049085,-87.80092056,1,427 CHESTNUT LN,0,363.6,0,0,1
1939,townhome,townhome,1,41.88053779,-87.80091801,1,425 CHESTNUT LN,0,379.9,0,0,1
1940,townhome,townhome,1,41.8805896,-87.80091758,1,423 CHESTNUT LN,0,398.2,0,0,1
1941,townhome,townhome,1,41.8806495,-87.80091708,1,421 CHESTNUT LN,0,419.4,0,0,0
1942,townhome,townhome,1,41.87984291,-87.80079476,1,1016 MADISON ST,1,130.3,1,1,1
1943,townhome,townhome,1,41.8798384,-87.80086749,1,1018 MADISON ST,1,139.3,1,1,1
1944,townhome,townhome,1,41.87983518,-87.80094402,1,1020 MADISON ST,1,151.4,1,1,1
1945,townhome,townhome,1,41.8798356,-87.80103486,1,1022 MADISON ST,1,169.0,1,1,1
1946,townhome,townhome,1,41.880066,-87.80104948,1,1024 ALEXANDER LN,1,235.5,1,1,1
1947,townhome,townhome,1,41.88007575,-87.80095314,1,1022 ALEXANDER LN,1,225.3,1,1,1
1948,townhome,townhome,1,41.88006716,-87.80087681,1,1020 ALEXANDER LN,1,213.6,1,1,1
1949,townhome,townhome,1,41.88006682,-87.80080311,1,1018 ALEXANDER LN,1,206.5,1,1,1
1950,townhome,townhome,1,41.88018858,-87.80086697,1,1015 BALDWIN LN,1,254.0,1,1,1
1951,townhome,townhome,1,41.88018953,-87.80107256,1,1019 BALDWIN LN,1,277.1,1,1,1
1952,townhome,townhome,4,41.87984068,-87.79906702,4,950 MADISON ST,1,173.4,1,1,1
1953,townhome,townhome,5,41.88004994,-87.8002676,5,450 HOME AVE,1,207.2,1,1,1
1954,townhome,townhome,2,41.87984578,-87.79877285,2,938 MADISON,1,213.1,1,1,1
1955,townhome,townhome,1,41.87984734,-87.79868276,1,934 MADISON,1,229.5,1,1,1
1956,townhome,townhome,1,41.87984899,-87.79858736,1,932 MADISON,1,223.4,1,1,1
1957,townhome,townhome,1,41.87984204,-87.79898838,1,942 MADISON,1,181.4,1,1,1
1958,townhome,townhome,1,41.8798445,-87.79884614,1,940 MADISON ST,1,201.0,1,1,1
1959,townhome,townhome,1,41.8799072,-87.79946212,1,952 MADISON ST,1,197.2,1,1,1
1960,townhome,townhome,5,41.88100599,-87.79736245,5,413 S KENILWORTH AVE 1,0,387.3,0,0,1
1961,townhome,townhome,5,41.88042779,-87.79735644,5,429 S KENILWORTH AVE 1,0,197.3,1,1,1
1962,townhome,townhome,5,41.88064059,-87.79467183,5,425 S OAK PARK AVE A,1,240.6,1,1,1
1963,townhome,townhome,5,41.88048925,-87.79464984,5,429 S OAK PARK AVE A,1,185.2,1,1,1
1964,townhome,townhome,1,41.88670913,-87.79304243,1,101 S EUCLID AVE A,1,127.5,1,1,1
1965,townhome,townhome,1,41.88664801,-87.79304059,1,103 S EUCLID AVE A,1,124.8,1,1,1
1966,townhome,townhome,1,41.88659341,-87.79303912,1,105 S EUCLID AVE A,1,125.7,1,1,1
1967,townhome,townhome,1,41.88652504,-87.79303727,1,107 S EUCLID AVE A,1,131.2,1,1,1
1968,townhome,townhome,1,41.8864834,-87.79303617,1,109 S EUCLID AVE A,1,136.6,1,1,1
1969,townhome,townhome,1,41.88642879,-87.7930347,1,111 S EUCLID AVE A,1,145.8,1,1,1
1970,townhome,townhome,1,41.88636652,-87.79303284,1,113 S EUCLID AVE A,0,158.8,1,1,1
1971,townhome,townhome,1,41.8867157,-87.7933048,1,101 S EUCLID AVE B,1,61.6,1,1,1
1972,townhome,townhome,1,41.88665458,-87.79330296,1,103 S EUCLID AVE B,1,54.3,1,1,1
1973,townhome,townhome,1,41.88659998,-87.79330149,1,105 S EUCLID AVE B,1,55.0,1,1,1
1974,townhome,townhome,1,41.88653161,-87.79329964,1,107 S EUCLID AVE B,1,65.0,1,1,1
1975,townhome,townhome,1,41.88648997,-87.79329854,1,109 S EUCLID AVE B,1,74.6,1,1,1
1976,townhome,townhome,1,41.88643536,-87.79329707,1,111 S EUCLID AVE B,1,89.6,1,1,1
1977,townhome,townhome,1,41.88637309,-87.79329521,1,113 S EUCLID AVE B,1,108.6,1,1,1
1978,townhome,townhome,6,41.88657085,-87.78978662,6,601 SOUTH BLVD A,1,582.0,1,1,1
1979,townhome,townhome,6,41.88657971,-87.78994665,6,605 SOUTH BLVD F,1,562.1,1,1,1
1980,townhome,townhome,6,41.88656221,-87.79016936,6,609 SOUTH BLVD F,1,535.2,1,1,1
1981,townhome,townhome,1,41.88672797,-87.78929987,1,529 SOUTH BLVD,1,602.9,1,1,1
1982,townhome,townhome,1,41.88672885,-87.78923946,1,527 SOUTH BLVD,1,613.0,1,1,1
1983,townhome,townhome,1,41.88672972,-87.78917597,1,525 SOUTH BLVD,1,624.0,1,1,1
1984,townhome,townhome,1,41.8867276,-87.78911123,1,523 SOUTH BLVD,1,636.2,1,1,1
1985,townhome,townhome,1,41.88672969,-87.78904989,1,521 SOUTH BLVD,1,646.9,1,1,1
1986,townhome,townhome,1,41.88673125,-87.78898719,1,519 SOUTH BLVD,1,658.3,1,1,1
1987,townhome,townhome,10,41.88674021,-87.78599417,10,100 S ELMWOOD AVE 1,1,131.2,1,1,1
1988,townhome,townhome,6,41.8820709,-87.79151532,6,333 WESLEY AVE F,0,726.2,0,0,0
1989,townhome,townhome,1,41.88178263,-87.79135939,1,640 WASHINGTON BLVD A,0,613.1,0,0,0
1990,townhome,townhome,1,41.88178346,-87.79147654,1,644 WASHINGTON BLVD A,0,626.2,0,0,0
1991,townhome,townhome,1,41.88178006,-87.79161178,1,648 WASHINGTON BLVD A,0,641.5,0,0,0
1992,townhome,townhome,6,41.88191595,-87.79151154,6,337 WESLEY AVE A,0,674.0,0,0,0
1993,townhome,townhome,1,41.88102167,-87.78965164,1,409 S EAST AVE,0,304.1,0,0,1
1994,townhome,townhome,1,41.8810121,-87.7897288,1,411 S EAST AVE,0,299.6,0,1,1
1995,townhome,townhome,1,41.88100589,-87.78981169,1,413 S EAST AVE,0,298.0,0,1,1
1996,townhome,townhome,1,41.88101328,-87.78988095,1,415 S EAST AVE,0,302.4,0,0,1
1997,townhome,townhome,1,41.88101548,-87.78995976,1,417 S EAST AVE,0,306.6,0,0,1
1998,townhome,townhome,1,41.88101387,-87.79000491,1,417 S EAST AVE,0,308.6,0,0,1
1999,townhome,townhome,6,41.88068867,-87.78496394,6,427 S RIDGELAND AVE F,1,151.8,1,1,1
2000,townhome,townhome,6,41.88053726,-87.78494805,6,431 S RIDGELAND AVE A,1,97.8,1,1,1
2001,townhome,townhome,22,41.88685507,-87.78260827,22,255 SOUTH BLVD 1,1,179.8,1,1,1
2002,townhome,townhome,5,41.89416314,-87.7812174,5,425 HARVEY AVE A,1,345.5,1,1,1
2003,townhome,townhome,1,41.8807754,-87.78166808,1,425 HARVEY AVE D,0,186.9,1,1,1
2004,townhome,townhome,1,41.88148985,-87.78212731,1,253 WASHINGTON BLVD 2A,0,452.1,0,0,0
2005,townhome,townhome,1,41.87283719,-87.77959607,1,202 W HARRISON ST,0,122.3,1,1,1
2006,townhome,townhome,1,41.87283636,-87.77965943,1,204 W HARRISON ST,0,112.3,1,1,1
2007,townhome,townhome,1,41.87283572,-87.77970824,1,206 W HARRISON ST,0,105.8,1,1,1
2008,townhome,townhome,1,41.87283447,-87.77980323,1,208 W HARRISON ST,0,97.2,1,1,1
2009,townhome,townhome,1,41.87050639,-87.77700788,1,1001 S LYMAN AVE,1,936.4,1,1,1
2010,townhome,townhome,1,41.87046548,-87.77700655,1,1003 S LYMAN AVE,1,947.7,1,1,1
2011,townhome,townhome,1,41.87041971,-87.7770057,1,1005 S LYMAN AVE,1,960.6,1,1,1
2012,townhome,townhome,1,41.87037779,-87.7770037,1,1007 S LYMAN AVE,1,972.4,1,1,1
2013,townhome,townhome,1,41.87033495,-87.77700231,1,1009 S LYMAN AVE,1,984.6,1,1,1
2014,townhome,townhome,1,41.87029025,-87.77700085,1,1011 S LYMAN AVE,1,997.4,1,1,1
2015,townhome,townhome,1,41.87024549,-87.7769994,1,1013 S LYMAN AVE,1,1010.3,1,1,1
2016,townhome,townhome,1,41.87057197,-87.77781954,1,1000 S TAYLOR AVE,1,784.1,1,1,1
2017,townhome,townhome,1,41.87052461,-87.77781827,1,1002 S TAYLOR AVE,1,798.6,1,1,1
2018,townhome,townhome,1,41.87045391,-87.77777036,1,1004 S TAYLOR AVE,1,827.2,1,1,1
2019,townhome,townhome,1,41.87043075,-87.77781986,1,1006 S TAYLOR AVE,1,827.1,1,1,1
2020,townhome,townhome,1,41.87038335,-87.77781344,1,1008 S TAYLOR AVE,1,842.7,1,1,1
2021,townhome,townhome,1,41.87033961,-87.77781226,1,1010 S TAYLOR AVE,1,856.5,1,1,1
2022,townhome,townhome,1,41.86627071,-87.77514464,1,1174 S HUMPHREY AVE,0,373.7,0,0,1
2023,townhome,townhome,1,41.86622387,-87.77513944,1,1176 S HUMPHREY AVE,0,364.2,0,0,1
2024,townhome,townhome,1,41.86617214,-87.77514146,1,1178 S HUMPHREY AVE,0,352.7,0,0,1
2025,townhome,townhome,14,41.87669131,-87.8039667,14,641 S MAPLE AVE A,0,200.9,0,1,1
2026,townhome,townhome,4,41.87127238,-87.79430073,4,919 S OAK PARK AVE A,1,166.6,1,1,1
2027,townhome,townhome,6,41.8703446,-87.79428253,6,1007 S OAK PARK AVE C,1,172.6,1,1,1
2028,townhome,townhome,5,41.8702002,-87.79428071,5,1011 S OAK PARK AVE,1,225.0,1,1,1
2029,townhome,townhome,1,41.86896712,-87.79410733,1,802 HARVARD ST,1,676.3,1,1,1
2030,townhome,townhome,1,41.8689675,-87.7941882,1,804 HARVARD ST,1,674.4,1,1,1
2031,townhome,townhome,1,41.86896788,-87.79426906,1,806 HARVARD ST,1,673.2,1,1,1
2032,townhome,townhome,1,41.86896488,-87.79434546,1,808 HARVARD ST,1,673.9,1,1,1
2033,townhome,townhome,2,41.86850906,-87.80303513,2,1102 S MAPLE AVE A,0,1176.7,0,0,0
2034,townhome,townhome,1,41.86782232,-87.80315699,1,1122 S MAPLE AVE,0,939.9,0,0,0
2035,townhome,townhome,1,41.86778694,-87.80325253,1,1124 S MAPLE AVE,0,930.5,0,0,0
2036,townhome,townhome,4,41.86741553,-87.79414606,4,1139 S OAK PARK AVE A,1,738.4,1,1,1
2037,townhome,townhome,12,41.86539506,-87.79544899,12,1193 S GROVE AVE 1,0,244.7,0,1,1
2038,townhome,townhome,1,41.87114308,-87.78499022,1,415 GARFIELD ST,1,178.1,1,1,1
2039,townhome,townhome,1,41.87119754,-87.78493557,1,411 GARFIELD ST,1,178.5,1,1,1
2040,townhome,townhome,18,41.86547673,-87.7896295,18,1192 CLARENCE AVE 1,0,222.3,0,1,1
